S,0x100,/upload/1020ba44874c/can/0x100/std
S,0x101,/upload/1020ba44874c/can/0x101/std
S,0x102,/upload/1020ba44874c/can/0x102/std
S,0x103,/upload/1020ba44874c/can/0x103/std
S,0x104,/upload/1020ba44874c/can/0x104/std
S,0x105,/upload/1020ba44874c/can/0x105/std
S,0x106,/upload/1020ba44874c/can/0x106/std
S,0x107,/upload/1020ba44874c/can/0x107/std
S,0x108,/upload/1020ba44874c/can/0x108/std
S,0x109,/upload/1020ba44874c/can/0x109/std
S,0x10a,/upload/1020ba44874c/can/0x10a/std
S,0x10b,/upload/1020ba44874c/can/0x10b/std
S,0x10c,/upload/1020ba44874c/can/0x10c/std
S,0x10d,/upload/1020ba44874c/can/0x10d/std
S,0x10e,/upload/1020ba44874c/can/0x10e/std
S,0x10f,/upload/1020ba44874c/can/0x10f/std
S,0x110,/upload/1020ba44874c/can/0x110/std
S,0x111,/upload/1020ba44874c/can/0x111/std
S,0x112,/upload/1020ba44874c/can/0x112/std
S,0x113,/upload/1020ba44874c/can/0x113/std
S,0x114,/upload/1020ba44874c/can/0x114/std
S,0x115,/upload/1020ba44874c/can/0x115/std
S,0x116,/upload/1020ba44874c/can/0x116/std
S,0x117,/upload/1020ba44874c/can/0x117/std
S,0x118,/upload/1020ba44874c/can/0x118/std
S,0x119,/upload/1020ba44874c/can/0x119/std
S,0x11a,/upload/1020ba44874c/can/0x11a/std
S,0x11b,/upload/1020ba44874c/can/0x11b/std
S,0x11c,/upload/1020ba44874c/can/0x11c/std
S,0x11d,/upload/1020ba44874c/can/0x11d/std
S,0x11e,/upload/1020ba44874c/can/0x11e/std
S,0x11f,/upload/1020ba44874c/can/0x11f/std
S,0x120,/upload/1020ba44874c/can/0x120/std
S,0x121,/upload/1020ba44874c/can/0x121/std
S,0x122,/upload/1020ba44874c/can/0x122/std
S,0x123,/upload/1020ba44874c/can/0x123/std
S,0x124,/upload/1020ba44874c/can/0x124/std
S,0x125,/upload/1020ba44874c/can/0x125/std
S,0x126,/upload/1020ba44874c/can/0x126/std
S,0x127,/upload/1020ba44874c/can/0x127/std
S,0x128,/upload/1020ba44874c/can/0x128/std
S,0x129,/upload/1020ba44874c/can/0x129/std
S,0x12a,/upload/1020ba44874c/can/0x12a/std
S,0x12b,/upload/1020ba44874c/can/0x12b/std
S,0x12c,/upload/1020ba44874c/can/0x12c/std
S,0x12d,/upload/1020ba44874c/can/0x12d/std
S,0x12e,/upload/1020ba44874c/can/0x12e/std
S,0x12f,/upload/1020ba44874c/can/0x12f/std
S,0x130,/upload/1020ba44874c/can/0x130/std
S,0x131,/upload/1020ba44874c/can/0x131/std
S,0x132,/upload/1020ba44874c/can/0x132/std
S,0x133,/upload/1020ba44874c/can/0x133/std
S,0x134,/upload/1020ba44874c/can/0x134/std
S,0x135,/upload/1020ba44874c/can/0x135/std
S,0x136,/upload/1020ba44874c/can/0x136/std
S,0x137,/upload/1020ba44874c/can/0x137/std
S,0x138,/upload/1020ba44874c/can/0x138/std
S,0x139,/upload/1020ba44874c/can/0x139/std
S,0x140,/upload/1020ba44874c/can/0x140/std
S,0x141,/upload/1020ba44874c/can/0x141/std
S,0x142,/upload/1020ba44874c/can/0x142/std
S,0x143,/upload/1020ba44874c/can/0x143/std
S,0x144,/upload/1020ba44874c/can/0x144/std
S,0x145,/upload/1020ba44874c/can/0x145/std
S,0x146,/upload/1020ba44874c/can/0x146/std
S,0x147,/upload/1020ba44874c/can/0x147/std
S,0x148,/upload/1020ba44874c/can/0x148/std
S,0x149,/upload/1020ba44874c/can/0x149/std
S,0x14a,/upload/1020ba44874c/can/0x14a/std
S,0x14b,/upload/1020ba44874c/can/0x14b/std
S,0x14c,/upload/1020ba44874c/can/0x14c/std
S,0x14d,/upload/1020ba44874c/can/0x14d/std
S,0x14e,/upload/1020ba44874c/can/0x14e/std
S,0x14f,/upload/1020ba44874c/can/0x14f/std
S,0x150,/upload/1020ba44874c/can/0x150/std
S,0x151,/upload/1020ba44874c/can/0x151/std
S,0x152,/upload/1020ba44874c/can/0x152/std
S,0x153,/upload/1020ba44874c/can/0x153/std
S,0x154,/upload/1020ba44874c/can/0x154/std
S,0x155,/upload/1020ba44874c/can/0x155/std
S,0x156,/upload/1020ba44874c/can/0x156/std
S,0x157,/upload/1020ba44874c/can/0x157/std
S,0x158,/upload/1020ba44874c/can/0x158/std
S,0x159,/upload/1020ba44874c/can/0x159/std
S,0x15a,/upload/1020ba44874c/can/0x15a/std
S,0x15b,/upload/1020ba44874c/can/0x15b/std
S,0x15c,/upload/1020ba44874c/can/0x15c/std
S,0x15d,/upload/1020ba44874c/can/0x15d/std
S,0x15e,/upload/1020ba44874c/can/0x15e/std
S,0x15f,/upload/1020ba44874c/can/0x15f/std
S,0x160,/upload/1020ba44874c/can/0x160/std
S,0x161,/upload/1020ba44874c/can/0x161/std
S,0x162,/upload/1020ba44874c/can/0x162/std
S,0x163,/upload/1020ba44874c/can/0x163/std
S,0x164,/upload/1020ba44874c/can/0x164/std
S,0x165,/upload/1020ba44874c/can/0x165/std
S,0x166,/upload/1020ba44874c/can/0x166/std
S,0x167,/upload/1020ba44874c/can/0x167/std
S,0x168,/upload/1020ba44874c/can/0x168/std
S,0x169,/upload/1020ba44874c/can/0x169/std
S,0x16a,/upload/1020ba44874c/can/0x16a/std
S,0x16b,/upload/1020ba44874c/can/0x16b/std
S,0x16c,/upload/1020ba44874c/can/0x16c/std
S,0x16d,/upload/1020ba44874c/can/0x16d/std
S,0x16e,/upload/1020ba44874c/can/0x16e/std
S,0x16f,/upload/1020ba44874c/can/0x16f/std
S,0x170,/upload/1020ba44874c/can/0x170/std
S,0x171,/upload/1020ba44874c/can/0x171/std
S,0x172,/upload/1020ba44874c/can/0x172/std
S,0x173,/upload/1020ba44874c/can/0x173/std
S,0x174,/upload/1020ba44874c/can/0x174/std
S,0x175,/upload/1020ba44874c/can/0x175/std
S,0x176,/upload/1020ba44874c/can/0x176/std
S,0x177,/upload/1020ba44874c/can/0x177/std
S,0x178,/upload/1020ba44874c/can/0x178/std
S,0x179,/upload/1020ba44874c/can/0x179/std
S,0x180,/upload/1020ba44874c/can/0x180/std
S,0x181,/upload/1020ba44874c/can/0x181/std
S,0x182,/upload/1020ba44874c/can/0x182/std
S,0x183,/upload/1020ba44874c/can/0x183/std
S,0x184,/upload/1020ba44874c/can/0x184/std
S,0x185,/upload/1020ba44874c/can/0x185/std
S,0x186,/upload/1020ba44874c/can/0x186/std
S,0x187,/upload/1020ba44874c/can/0x187/std
S,0x188,/upload/1020ba44874c/can/0x188/std
S,0x189,/upload/1020ba44874c/can/0x189/std
S,0x18a,/upload/1020ba44874c/can/0x18a/std
S,0x18b,/upload/1020ba44874c/can/0x18b/std
S,0x18c,/upload/1020ba44874c/can/0x18c/std
S,0x18d,/upload/1020ba44874c/can/0x18d/std
S,0x18e,/upload/1020ba44874c/can/0x18e/std
S,0x18f,/upload/1020ba44874c/can/0x18f/std
S,0x190,/upload/1020ba44874c/can/0x190/std
S,0x191,/upload/1020ba44874c/can/0x191/std
S,0x192,/upload/1020ba44874c/can/0x192/std
S,0x193,/upload/1020ba44874c/can/0x193/std
S,0x194,/upload/1020ba44874c/can/0x194/std
S,0x195,/upload/1020ba44874c/can/0x195/std
S,0x196,/upload/1020ba44874c/can/0x196/std
S,0x197,/upload/1020ba44874c/can/0x197/std
S,0x198,/upload/1020ba44874c/can/0x198/std
S,0x199,/upload/1020ba44874c/can/0x199/std
S,0x19a,/upload/1020ba44874c/can/0x19a/std
S,0x19b,/upload/1020ba44874c/can/0x19b/std
S,0x19c,/upload/1020ba44874c/can/0x19c/std
S,0x19d,/upload/1020ba44874c/can/0x19d/std
S,0x19e,/upload/1020ba44874c/can/0x19e/std
S,0x19f,/upload/1020ba44874c/can/0x19f/std
S,0x1a0,/upload/1020ba44874c/can/0x1a0/std
S,0x1a1,/upload/1020ba44874c/can/0x1a1/std
S,0x1a2,/upload/1020ba44874c/can/0x1a2/std
S,0x1a3,/upload/1020ba44874c/can/0x1a3/std
S,0x1a4,/upload/1020ba44874c/can/0x1a4/std
S,0x1a5,/upload/1020ba44874c/can/0x1a5/std
S,0x1a6,/upload/1020ba44874c/can/0x1a6/std
S,0x1a7,/upload/1020ba44874c/can/0x1a7/std
S,0x1a8,/upload/1020ba44874c/can/0x1a8/std
S,0x1a9,/upload/1020ba44874c/can/0x1a9/std
S,0x1aa,/upload/1020ba44874c/can/0x1aa/std
S,0x1ab,/upload/1020ba44874c/can/0x1ab/std
S,0x1ac,/upload/1020ba44874c/can/0x1ac/std
S,0x1ad,/upload/1020ba44874c/can/0x1ad/std
S,0x1ae,/upload/1020ba44874c/can/0x1ae/std
S,0x1af,/upload/1020ba44874c/can/0x1af/std
S,0x1b0,/upload/1020ba44874c/can/0x1b0/std
S,0x1b1,/upload/1020ba44874c/can/0x1b1/std
S,0x1b2,/upload/1020ba44874c/can/0x1b2/std
S,0x1b3,/upload/1020ba44874c/can/0x1b3/std
S,0x1b4,/upload/1020ba44874c/can/0x1b4/std
S,0x1b5,/upload/1020ba44874c/can/0x1b5/std
S,0x1b6,/upload/1020ba44874c/can/0x1b6/std
S,0x1b7,/upload/1020ba44874c/can/0x1b7/std
S,0x1b8,/upload/1020ba44874c/can/0x1b8/std
S,0x1b9,/upload/1020ba44874c/can/0x1b9/std
S,0x1c0,/upload/1020ba44874c/can/0x1c0/std
S,0x1c1,/upload/1020ba44874c/can/0x1c1/std
S,0x1c2,/upload/1020ba44874c/can/0x1c2/std
S,0x1c3,/upload/1020ba44874c/can/0x1c3/std
S,0x1c4,/upload/1020ba44874c/can/0x1c4/std
S,0x1c5,/upload/1020ba44874c/can/0x1c5/std
S,0x1c6,/upload/1020ba44874c/can/0x1c6/std
S,0x1c7,/upload/1020ba44874c/can/0x1c7/std
S,0x1c8,/upload/1020ba44874c/can/0x1c8/std
S,0x1c9,/upload/1020ba44874c/can/0x1c9/std
S,0x1ca,/upload/1020ba44874c/can/0x1ca/std
S,0x1cb,/upload/1020ba44874c/can/0x1cb/std
S,0x1cc,/upload/1020ba44874c/can/0x1cc/std
S,0x1cd,/upload/1020ba44874c/can/0x1cd/std
S,0x1ce,/upload/1020ba44874c/can/0x1ce/std
S,0x1cf,/upload/1020ba44874c/can/0x1cf/std
S,0x1d0,/upload/1020ba44874c/can/0x1d0/std
S,0x1d1,/upload/1020ba44874c/can/0x1d1/std
S,0x1d2,/upload/1020ba44874c/can/0x1d2/std
S,0x1d3,/upload/1020ba44874c/can/0x1d3/std
S,0x1d4,/upload/1020ba44874c/can/0x1d4/std
S,0x1d5,/upload/1020ba44874c/can/0x1d5/std
S,0x1d6,/upload/1020ba44874c/can/0x1d6/std
S,0x1d7,/upload/1020ba44874c/can/0x1d7/std
S,0x1d8,/upload/1020ba44874c/can/0x1d8/std
S,0x1d9,/upload/1020ba44874c/can/0x1d9/std
S,0x1da,/upload/1020ba44874c/can/0x1da/std
S,0x1db,/upload/1020ba44874c/can/0x1db/std
S,0x1dc,/upload/1020ba44874c/can/0x1dc/std
S,0x1dd,/upload/1020ba44874c/can/0x1dd/std
S,0x1de,/upload/1020ba44874c/can/0x1de/std
S,0x1df,/upload/1020ba44874c/can/0x1df/std
S,0x1e0,/upload/1020ba44874c/can/0x1e0/std
S,0x1e1,/upload/1020ba44874c/can/0x1e1/std
S,0x1e2,/upload/1020ba44874c/can/0x1e2/std
S,0x1e3,/upload/1020ba44874c/can/0x1e3/std
S,0x1e4,/upload/1020ba44874c/can/0x1e4/std
S,0x1e5,/upload/1020ba44874c/can/0x1e5/std
S,0x1e6,/upload/1020ba44874c/can/0x1e6/std
S,0x1e7,/upload/1020ba44874c/can/0x1e7/std
S,0x1e8,/upload/1020ba44874c/can/0x1e8/std
S,0x1e9,/upload/1020ba44874c/can/0x1e9/std
S,0x1ea,/upload/1020ba44874c/can/0x1ea/std
S,0x1eb,/upload/1020ba44874c/can/0x1eb/std
S,0x1ec,/upload/1020ba44874c/can/0x1ec/std
S,0x1ed,/upload/1020ba44874c/can/0x1ed/std
S,0x1ee,/upload/1020ba44874c/can/0x1ee/std
S,0x1ef,/upload/1020ba44874c/can/0x1ef/std
S,0x1f0,/upload/1020ba44874c/can/0x1f0/std
S,0x1f1,/upload/1020ba44874c/can/0x1f1/std
S,0x1f2,/upload/1020ba44874c/can/0x1f2/std
S,0x1f3,/upload/1020ba44874c/can/0x1f3/std
S,0x1f4,/upload/1020ba44874c/can/0x1f4/std
S,0x1f5,/upload/1020ba44874c/can/0x1f5/std
S,0x1f6,/upload/1020ba44874c/can/0x1f6/std
S,0x1f7,/upload/1020ba44874c/can/0x1f7/std
S,0x1f8,/upload/1020ba44874c/can/0x1f8/std
S,0x1f9,/upload/1020ba44874c/can/0x1f9/std
S,0x200,/upload/1020ba44874c/can/0x200/std
S,0x201,/upload/1020ba44874c/can/0x201/std
S,0x202,/upload/1020ba44874c/can/0x202/std
S,0x203,/upload/1020ba44874c/can/0x203/std
S,0x204,/upload/1020ba44874c/can/0x204/std
S,0x205,/upload/1020ba44874c/can/0x205/std
S,0x206,/upload/1020ba44874c/can/0x206/std
S,0x207,/upload/1020ba44874c/can/0x207/std
S,0x208,/upload/1020ba44874c/can/0x208/std
S,0x209,/upload/1020ba44874c/can/0x209/std
S,0x20a,/upload/1020ba44874c/can/0x20a/std
S,0x20b,/upload/1020ba44874c/can/0x20b/std
S,0x20c,/upload/1020ba44874c/can/0x20c/std
S,0x20d,/upload/1020ba44874c/can/0x20d/std
S,0x20e,/upload/1020ba44874c/can/0x20e/std
S,0x20f,/upload/1020ba44874c/can/0x20f/std
S,0x210,/upload/1020ba44874c/can/0x210/std
S,0x211,/upload/1020ba44874c/can/0x211/std
S,0x212,/upload/1020ba44874c/can/0x212/std
S,0x213,/upload/1020ba44874c/can/0x213/std
S,0x214,/upload/1020ba44874c/can/0x214/std
S,0x215,/upload/1020ba44874c/can/0x215/std
S,0x216,/upload/1020ba44874c/can/0x216/std
S,0x217,/upload/1020ba44874c/can/0x217/std
S,0x218,/upload/1020ba44874c/can/0x218/std
S,0x219,/upload/1020ba44874c/can/0x219/std
S,0x21a,/upload/1020ba44874c/can/0x21a/std
S,0x21b,/upload/1020ba44874c/can/0x21b/std
S,0x21c,/upload/1020ba44874c/can/0x21c/std
S,0x21d,/upload/1020ba44874c/can/0x21d/std
S,0x21e,/upload/1020ba44874c/can/0x21e/std
S,0x21f,/upload/1020ba44874c/can/0x21f/std
S,0x220,/upload/1020ba44874c/can/0x220/std
S,0x221,/upload/1020ba44874c/can/0x221/std
S,0x222,/upload/1020ba44874c/can/0x222/std
S,0x223,/upload/1020ba44874c/can/0x223/std
S,0x224,/upload/1020ba44874c/can/0x224/std
S,0x225,/upload/1020ba44874c/can/0x225/std
S,0x226,/upload/1020ba44874c/can/0x226/std
S,0x227,/upload/1020ba44874c/can/0x227/std
S,0x228,/upload/1020ba44874c/can/0x228/std
S,0x229,/upload/1020ba44874c/can/0x229/std
S,0x22a,/upload/1020ba44874c/can/0x22a/std
S,0x22b,/upload/1020ba44874c/can/0x22b/std
S,0x22c,/upload/1020ba44874c/can/0x22c/std
S,0x22d,/upload/1020ba44874c/can/0x22d/std
S,0x22e,/upload/1020ba44874c/can/0x22e/std
S,0x22f,/upload/1020ba44874c/can/0x22f/std
S,0x230,/upload/1020ba44874c/can/0x230/std
S,0x231,/upload/1020ba44874c/can/0x231/std
S,0x232,/upload/1020ba44874c/can/0x232/std
S,0x233,/upload/1020ba44874c/can/0x233/std
S,0x234,/upload/1020ba44874c/can/0x234/std
S,0x235,/upload/1020ba44874c/can/0x235/std
S,0x236,/upload/1020ba44874c/can/0x236/std
S,0x237,/upload/1020ba44874c/can/0x237/std
S,0x238,/upload/1020ba44874c/can/0x238/std
S,0x239,/upload/1020ba44874c/can/0x239/std
S,0x240,/upload/1020ba44874c/can/0x240/std
S,0x241,/upload/1020ba44874c/can/0x241/std
S,0x242,/upload/1020ba44874c/can/0x242/std
S,0x243,/upload/1020ba44874c/can/0x243/std
S,0x244,/upload/1020ba44874c/can/0x244/std
S,0x245,/upload/1020ba44874c/can/0x245/std
S,0x246,/upload/1020ba44874c/can/0x246/std
S,0x247,/upload/1020ba44874c/can/0x247/std
S,0x248,/upload/1020ba44874c/can/0x248/std
S,0x249,/upload/1020ba44874c/can/0x249/std
S,0x24a,/upload/1020ba44874c/can/0x24a/std
S,0x24b,/upload/1020ba44874c/can/0x24b/std
S,0x24c,/upload/1020ba44874c/can/0x24c/std
S,0x24d,/upload/1020ba44874c/can/0x24d/std
S,0x24e,/upload/1020ba44874c/can/0x24e/std
S,0x24f,/upload/1020ba44874c/can/0x24f/std
S,0x250,/upload/1020ba44874c/can/0x250/std
S,0x251,/upload/1020ba44874c/can/0x251/std
S,0x252,/upload/1020ba44874c/can/0x252/std
S,0x253,/upload/1020ba44874c/can/0x253/std
S,0x254,/upload/1020ba44874c/can/0x254/std
S,0x255,/upload/1020ba44874c/can/0x255/std
S,0x256,/upload/1020ba44874c/can/0x256/std
S,0x257,/upload/1020ba44874c/can/0x257/std
S,0x258,/upload/1020ba44874c/can/0x258/std
S,0x259,/upload/1020ba44874c/can/0x259/std
S,0x25a,/upload/1020ba44874c/can/0x25a/std
S,0x25b,/upload/1020ba44874c/can/0x25b/std
S,0x25c,/upload/1020ba44874c/can/0x25c/std
S,0x25d,/upload/1020ba44874c/can/0x25d/std
S,0x25e,/upload/1020ba44874c/can/0x25e/std
S,0x25f,/upload/1020ba44874c/can/0x25f/std
S,0x260,/upload/1020ba44874c/can/0x260/std
S,0x261,/upload/1020ba44874c/can/0x261/std
S,0x262,/upload/1020ba44874c/can/0x262/std
S,0x263,/upload/1020ba44874c/can/0x263/std
S,0x264,/upload/1020ba44874c/can/0x264/std
S,0x265,/upload/1020ba44874c/can/0x265/std
S,0x266,/upload/1020ba44874c/can/0x266/std
S,0x267,/upload/1020ba44874c/can/0x267/std
S,0x268,/upload/1020ba44874c/can/0x268/std
S,0x269,/upload/1020ba44874c/can/0x269/std
S,0x26a,/upload/1020ba44874c/can/0x26a/std
S,0x26b,/upload/1020ba44874c/can/0x26b/std
S,0x26c,/upload/1020ba44874c/can/0x26c/std
S,0x26d,/upload/1020ba44874c/can/0x26d/std
S,0x26e,/upload/1020ba44874c/can/0x26e/std
S,0x26f,/upload/1020ba44874c/can/0x26f/std
S,0x270,/upload/1020ba44874c/can/0x270/std
S,0x271,/upload/1020ba44874c/can/0x271/std
S,0x272,/upload/1020ba44874c/can/0x272/std
S,0x273,/upload/1020ba44874c/can/0x273/std
S,0x274,/upload/1020ba44874c/can/0x274/std
S,0x275,/upload/1020ba44874c/can/0x275/std
S,0x276,/upload/1020ba44874c/can/0x276/std
S,0x277,/upload/1020ba44874c/can/0x277/std
S,0x278,/upload/1020ba44874c/can/0x278/std
S,0x279,/upload/1020ba44874c/can/0x279/std
S,0x280,/upload/1020ba44874c/can/0x280/std
S,0x281,/upload/1020ba44874c/can/0x281/std
S,0x282,/upload/1020ba44874c/can/0x282/std
S,0x283,/upload/1020ba44874c/can/0x283/std
S,0x284,/upload/1020ba44874c/can/0x284/std
S,0x285,/upload/1020ba44874c/can/0x285/std
S,0x286,/upload/1020ba44874c/can/0x286/std
S,0x287,/upload/1020ba44874c/can/0x287/std
S,0x288,/upload/1020ba44874c/can/0x288/std
S,0x289,/upload/1020ba44874c/can/0x289/std
S,0x28a,/upload/1020ba44874c/can/0x28a/std
S,0x28b,/upload/1020ba44874c/can/0x28b/std
S,0x28c,/upload/1020ba44874c/can/0x28c/std
S,0x28d,/upload/1020ba44874c/can/0x28d/std
S,0x28e,/upload/1020ba44874c/can/0x28e/std
S,0x28f,/upload/1020ba44874c/can/0x28f/std
S,0x290,/upload/1020ba44874c/can/0x290/std
S,0x291,/upload/1020ba44874c/can/0x291/std
S,0x292,/upload/1020ba44874c/can/0x292/std
S,0x293,/upload/1020ba44874c/can/0x293/std
S,0x294,/upload/1020ba44874c/can/0x294/std
S,0x295,/upload/1020ba44874c/can/0x295/std
S,0x296,/upload/1020ba44874c/can/0x296/std
S,0x297,/upload/1020ba44874c/can/0x297/std
S,0x298,/upload/1020ba44874c/can/0x298/std
S,0x299,/upload/1020ba44874c/can/0x299/std
S,0x29a,/upload/1020ba44874c/can/0x29a/std
S,0x29b,/upload/1020ba44874c/can/0x29b/std
S,0x29c,/upload/1020ba44874c/can/0x29c/std
S,0x29d,/upload/1020ba44874c/can/0x29d/std
S,0x29e,/upload/1020ba44874c/can/0x29e/std
S,0x29f,/upload/1020ba44874c/can/0x29f/std
S,0x2a0,/upload/1020ba44874c/can/0x2a0/std
S,0x2a1,/upload/1020ba44874c/can/0x2a1/std
S,0x2a2,/upload/1020ba44874c/can/0x2a2/std
S,0x2a3,/upload/1020ba44874c/can/0x2a3/std
S,0x2a4,/upload/1020ba44874c/can/0x2a4/std
S,0x2a5,/upload/1020ba44874c/can/0x2a5/std
S,0x2a6,/upload/1020ba44874c/can/0x2a6/std
S,0x2a7,/upload/1020ba44874c/can/0x2a7/std
S,0x2a8,/upload/1020ba44874c/can/0x2a8/std
S,0x2a9,/upload/1020ba44874c/can/0x2a9/std
S,0x2aa,/upload/1020ba44874c/can/0x2aa/std
S,0x2ab,/upload/1020ba44874c/can/0x2ab/std
S,0x2ac,/upload/1020ba44874c/can/0x2ac/std
S,0x2ad,/upload/1020ba44874c/can/0x2ad/std
S,0x2ae,/upload/1020ba44874c/can/0x2ae/std
S,0x2af,/upload/1020ba44874c/can/0x2af/std
S,0x2b0,/upload/1020ba44874c/can/0x2b0/std
S,0x2b1,/upload/1020ba44874c/can/0x2b1/std
S,0x2b2,/upload/1020ba44874c/can/0x2b2/std
S,0x2b3,/upload/1020ba44874c/can/0x2b3/std
S,0x2b4,/upload/1020ba44874c/can/0x2b4/std
S,0x2b5,/upload/1020ba44874c/can/0x2b5/std
S,0x2b6,/upload/1020ba44874c/can/0x2b6/std
S,0x2b7,/upload/1020ba44874c/can/0x2b7/std
S,0x2b8,/upload/1020ba44874c/can/0x2b8/std
S,0x2b9,/upload/1020ba44874c/can/0x2b9/std
S,0x2c0,/upload/1020ba44874c/can/0x2c0/std
S,0x2c1,/upload/1020ba44874c/can/0x2c1/std
S,0x2c2,/upload/1020ba44874c/can/0x2c2/std
S,0x2c3,/upload/1020ba44874c/can/0x2c3/std
S,0x2c4,/upload/1020ba44874c/can/0x2c4/std
S,0x2c5,/upload/1020ba44874c/can/0x2c5/std
S,0x2c6,/upload/1020ba44874c/can/0x2c6/std
S,0x2c7,/upload/1020ba44874c/can/0x2c7/std
S,0x2c8,/upload/1020ba44874c/can/0x2c8/std
S,0x2c9,/upload/1020ba44874c/can/0x2c9/std
S,0x2ca,/upload/1020ba44874c/can/0x2ca/std
S,0x2cb,/upload/1020ba44874c/can/0x2cb/std
S,0x2cc,/upload/1020ba44874c/can/0x2cc/std
S,0x2cd,/upload/1020ba44874c/can/0x2cd/std
S,0x2ce,/upload/1020ba44874c/can/0x2ce/std
S,0x2cf,/upload/1020ba44874c/can/0x2cf/std
S,0x2d0,/upload/1020ba44874c/can/0x2d0/std
S,0x2d1,/upload/1020ba44874c/can/0x2d1/std
S,0x2d2,/upload/1020ba44874c/can/0x2d2/std
S,0x2d3,/upload/1020ba44874c/can/0x2d3/std
S,0x2d4,/upload/1020ba44874c/can/0x2d4/std
S,0x2d5,/upload/1020ba44874c/can/0x2d5/std
S,0x2d6,/upload/1020ba44874c/can/0x2d6/std
S,0x2d7,/upload/1020ba44874c/can/0x2d7/std
S,0x2d8,/upload/1020ba44874c/can/0x2d8/std
S,0x2d9,/upload/1020ba44874c/can/0x2d9/std
S,0x2da,/upload/1020ba44874c/can/0x2da/std
S,0x2db,/upload/1020ba44874c/can/0x2db/std
S,0x2dc,/upload/1020ba44874c/can/0x2dc/std
S,0x2dd,/upload/1020ba44874c/can/0x2dd/std
S,0x2de,/upload/1020ba44874c/can/0x2de/std
S,0x2df,/upload/1020ba44874c/can/0x2df/std
S,0x2e0,/upload/1020ba44874c/can/0x2e0/std
S,0x2e1,/upload/1020ba44874c/can/0x2e1/std
S,0x2e2,/upload/1020ba44874c/can/0x2e2/std
S,0x2e3,/upload/1020ba44874c/can/0x2e3/std
S,0x2e4,/upload/1020ba44874c/can/0x2e4/std
S,0x2e5,/upload/1020ba44874c/can/0x2e5/std
S,0x2e6,/upload/1020ba44874c/can/0x2e6/std
S,0x2e7,/upload/1020ba44874c/can/0x2e7/std
S,0x2e8,/upload/1020ba44874c/can/0x2e8/std
S,0x2e9,/upload/1020ba44874c/can/0x2e9/std
S,0x2ea,/upload/1020ba44874c/can/0x2ea/std
S,0x2eb,/upload/1020ba44874c/can/0x2eb/std
S,0x2ec,/upload/1020ba44874c/can/0x2ec/std
S,0x2ed,/upload/1020ba44874c/can/0x2ed/std
S,0x2ee,/upload/1020ba44874c/can/0x2ee/std
S,0x2ef,/upload/1020ba44874c/can/0x2ef/std
S,0x2f0,/upload/1020ba44874c/can/0x2f0/std
S,0x2f1,/upload/1020ba44874c/can/0x2f1/std
S,0x2f2,/upload/1020ba44874c/can/0x2f2/std
S,0x2f3,/upload/1020ba44874c/can/0x2f3/std
S,0x2f4,/upload/1020ba44874c/can/0x2f4/std
S,0x2f5,/upload/1020ba44874c/can/0x2f5/std
S,0x2f6,/upload/1020ba44874c/can/0x2f6/std
S,0x2f7,/upload/1020ba44874c/can/0x2f7/std
S,0x2f8,/upload/1020ba44874c/can/0x2f8/std
S,0x2f9,/upload/1020ba44874c/can/0x2f9/std
S,0x300,/upload/1020ba44874c/can/0x300/std
S,0x301,/upload/1020ba44874c/can/0x301/std
S,0x302,/upload/1020ba44874c/can/0x302/std
S,0x303,/upload/1020ba44874c/can/0x303/std
S,0x304,/upload/1020ba44874c/can/0x304/std
S,0x305,/upload/1020ba44874c/can/0x305/std
S,0x306,/upload/1020ba44874c/can/0x306/std
S,0x307,/upload/1020ba44874c/can/0x307/std
S,0x308,/upload/1020ba44874c/can/0x308/std
S,0x309,/upload/1020ba44874c/can/0x309/std
S,0x30a,/upload/1020ba44874c/can/0x30a/std
S,0x30b,/upload/1020ba44874c/can/0x30b/std
S,0x30c,/upload/1020ba44874c/can/0x30c/std
S,0x30d,/upload/1020ba44874c/can/0x30d/std
S,0x30e,/upload/1020ba44874c/can/0x30e/std
S,0x30f,/upload/1020ba44874c/can/0x30f/std
S,0x310,/upload/1020ba44874c/can/0x310/std
S,0x311,/upload/1020ba44874c/can/0x311/std
S,0x312,/upload/1020ba44874c/can/0x312/std
S,0x313,/upload/1020ba44874c/can/0x313/std
S,0x314,/upload/1020ba44874c/can/0x314/std
S,0x315,/upload/1020ba44874c/can/0x315/std
S,0x316,/upload/1020ba44874c/can/0x316/std
S,0x317,/upload/1020ba44874c/can/0x317/std
S,0x318,/upload/1020ba44874c/can/0x318/std
S,0x319,/upload/1020ba44874c/can/0x319/std
S,0x31a,/upload/1020ba44874c/can/0x31a/std
S,0x31b,/upload/1020ba44874c/can/0x31b/std
S,0x31c,/upload/1020ba44874c/can/0x31c/std
S,0x31d,/upload/1020ba44874c/can/0x31d/std
S,0x31e,/upload/1020ba44874c/can/0x31e/std
S,0x31f,/upload/1020ba44874c/can/0x31f/std
S,0x320,/upload/1020ba44874c/can/0x320/std
S,0x321,/upload/1020ba44874c/can/0x321/std
S,0x322,/upload/1020ba44874c/can/0x322/std
S,0x323,/upload/1020ba44874c/can/0x323/std
S,0x324,/upload/1020ba44874c/can/0x324/std
S,0x325,/upload/1020ba44874c/can/0x325/std
S,0x326,/upload/1020ba44874c/can/0x326/std
S,0x327,/upload/1020ba44874c/can/0x327/std
S,0x328,/upload/1020ba44874c/can/0x328/std
S,0x329,/upload/1020ba44874c/can/0x329/std
S,0x32a,/upload/1020ba44874c/can/0x32a/std
S,0x32b,/upload/1020ba44874c/can/0x32b/std
S,0x32c,/upload/1020ba44874c/can/0x32c/std
S,0x32d,/upload/1020ba44874c/can/0x32d/std
S,0x32e,/upload/1020ba44874c/can/0x32e/std
S,0x32f,/upload/1020ba44874c/can/0x32f/std
S,0x330,/upload/1020ba44874c/can/0x330/std
S,0x331,/upload/1020ba44874c/can/0x331/std
S,0x332,/upload/1020ba44874c/can/0x332/std
S,0x333,/upload/1020ba44874c/can/0x333/std
S,0x334,/upload/1020ba44874c/can/0x334/std
S,0x335,/upload/1020ba44874c/can/0x335/std
S,0x336,/upload/1020ba44874c/can/0x336/std
S,0x337,/upload/1020ba44874c/can/0x337/std
S,0x338,/upload/1020ba44874c/can/0x338/std
S,0x339,/upload/1020ba44874c/can/0x339/std
S,0x340,/upload/1020ba44874c/can/0x340/std
S,0x341,/upload/1020ba44874c/can/0x341/std
S,0x342,/upload/1020ba44874c/can/0x342/std
S,0x343,/upload/1020ba44874c/can/0x343/std
S,0x344,/upload/1020ba44874c/can/0x344/std
S,0x345,/upload/1020ba44874c/can/0x345/std
S,0x346,/upload/1020ba44874c/can/0x346/std
S,0x347,/upload/1020ba44874c/can/0x347/std
S,0x348,/upload/1020ba44874c/can/0x348/std
S,0x349,/upload/1020ba44874c/can/0x349/std
S,0x34a,/upload/1020ba44874c/can/0x34a/std
S,0x34b,/upload/1020ba44874c/can/0x34b/std
S,0x34c,/upload/1020ba44874c/can/0x34c/std
S,0x34d,/upload/1020ba44874c/can/0x34d/std
S,0x34e,/upload/1020ba44874c/can/0x34e/std
S,0x34f,/upload/1020ba44874c/can/0x34f/std
S,0x350,/upload/1020ba44874c/can/0x350/std
S,0x351,/upload/1020ba44874c/can/0x351/std
S,0x352,/upload/1020ba44874c/can/0x352/std
S,0x353,/upload/1020ba44874c/can/0x353/std
S,0x354,/upload/1020ba44874c/can/0x354/std
S,0x355,/upload/1020ba44874c/can/0x355/std
S,0x356,/upload/1020ba44874c/can/0x356/std
S,0x357,/upload/1020ba44874c/can/0x357/std
S,0x358,/upload/1020ba44874c/can/0x358/std
S,0x359,/upload/1020ba44874c/can/0x359/std
S,0x35a,/upload/1020ba44874c/can/0x35a/std
S,0x35b,/upload/1020ba44874c/can/0x35b/std
S,0x35c,/upload/1020ba44874c/can/0x35c/std
S,0x35d,/upload/1020ba44874c/can/0x35d/std
S,0x35e,/upload/1020ba44874c/can/0x35e/std
S,0x35f,/upload/1020ba44874c/can/0x35f/std
S,0x360,/upload/1020ba44874c/can/0x360/std
S,0x361,/upload/1020ba44874c/can/0x361/std
S,0x362,/upload/1020ba44874c/can/0x362/std
S,0x363,/upload/1020ba44874c/can/0x363/std
S,0x364,/upload/1020ba44874c/can/0x364/std
S,0x365,/upload/1020ba44874c/can/0x365/std
S,0x366,/upload/1020ba44874c/can/0x366/std
S,0x367,/upload/1020ba44874c/can/0x367/std
S,0x368,/upload/1020ba44874c/can/0x368/std
S,0x369,/upload/1020ba44874c/can/0x369/std
S,0x36a,/upload/1020ba44874c/can/0x36a/std
S,0x36b,/upload/1020ba44874c/can/0x36b/std
S,0x36c,/upload/1020ba44874c/can/0x36c/std
S,0x36d,/upload/1020ba44874c/can/0x36d/std
S,0x36e,/upload/1020ba44874c/can/0x36e/std
S,0x36f,/upload/1020ba44874c/can/0x36f/std
S,0x370,/upload/1020ba44874c/can/0x370/std
S,0x371,/upload/1020ba44874c/can/0x371/std
S,0x372,/upload/1020ba44874c/can/0x372/std
S,0x373,/upload/1020ba44874c/can/0x373/std
S,0x374,/upload/1020ba44874c/can/0x374/std
S,0x375,/upload/1020ba44874c/can/0x375/std
S,0x376,/upload/1020ba44874c/can/0x376/std
S,0x377,/upload/1020ba44874c/can/0x377/std
S,0x378,/upload/1020ba44874c/can/0x378/std
S,0x379,/upload/1020ba44874c/can/0x379/std
S,0x380,/upload/1020ba44874c/can/0x380/std
S,0x381,/upload/1020ba44874c/can/0x381/std
S,0x382,/upload/1020ba44874c/can/0x382/std
S,0x383,/upload/1020ba44874c/can/0x383/std
S,0x384,/upload/1020ba44874c/can/0x384/std
S,0x385,/upload/1020ba44874c/can/0x385/std
S,0x386,/upload/1020ba44874c/can/0x386/std
S,0x387,/upload/1020ba44874c/can/0x387/std
S,0x388,/upload/1020ba44874c/can/0x388/std
S,0x389,/upload/1020ba44874c/can/0x389/std
S,0x38a,/upload/1020ba44874c/can/0x38a/std
S,0x38b,/upload/1020ba44874c/can/0x38b/std
S,0x38c,/upload/1020ba44874c/can/0x38c/std
S,0x38d,/upload/1020ba44874c/can/0x38d/std
S,0x38e,/upload/1020ba44874c/can/0x38e/std
S,0x38f,/upload/1020ba44874c/can/0x38f/std
S,0x390,/upload/1020ba44874c/can/0x390/std
S,0x391,/upload/1020ba44874c/can/0x391/std
S,0x392,/upload/1020ba44874c/can/0x392/std
S,0x393,/upload/1020ba44874c/can/0x393/std
S,0x394,/upload/1020ba44874c/can/0x394/std
S,0x395,/upload/1020ba44874c/can/0x395/std
S,0x396,/upload/1020ba44874c/can/0x396/std
S,0x397,/upload/1020ba44874c/can/0x397/std
S,0x398,/upload/1020ba44874c/can/0x398/std
S,0x399,/upload/1020ba44874c/can/0x399/std
S,0x39a,/upload/1020ba44874c/can/0x39a/std
S,0x39b,/upload/1020ba44874c/can/0x39b/std
S,0x39c,/upload/1020ba44874c/can/0x39c/std
S,0x39d,/upload/1020ba44874c/can/0x39d/std
S,0x39e,/upload/1020ba44874c/can/0x39e/std
S,0x39f,/upload/1020ba44874c/can/0x39f/std
S,0x3a0,/upload/1020ba44874c/can/0x3a0/std
S,0x3a1,/upload/1020ba44874c/can/0x3a1/std
S,0x3a2,/upload/1020ba44874c/can/0x3a2/std
S,0x3a3,/upload/1020ba44874c/can/0x3a3/std
S,0x3a4,/upload/1020ba44874c/can/0x3a4/std
S,0x3a5,/upload/1020ba44874c/can/0x3a5/std
S,0x3a6,/upload/1020ba44874c/can/0x3a6/std
S,0x3a7,/upload/1020ba44874c/can/0x3a7/std
S,0x3a8,/upload/1020ba44874c/can/0x3a8/std
S,0x3a9,/upload/1020ba44874c/can/0x3a9/std
S,0x3aa,/upload/1020ba44874c/can/0x3aa/std
S,0x3ab,/upload/1020ba44874c/can/0x3ab/std
S,0x3ac,/upload/1020ba44874c/can/0x3ac/std
S,0x3ad,/upload/1020ba44874c/can/0x3ad/std
S,0x3ae,/upload/1020ba44874c/can/0x3ae/std
S,0x3af,/upload/1020ba44874c/can/0x3af/std
S,0x3b0,/upload/1020ba44874c/can/0x3b0/std
S,0x3b1,/upload/1020ba44874c/can/0x3b1/std
S,0x3b2,/upload/1020ba44874c/can/0x3b2/std
S,0x3b3,/upload/1020ba44874c/can/0x3b3/std
S,0x3b4,/upload/1020ba44874c/can/0x3b4/std
S,0x3b5,/upload/1020ba44874c/can/0x3b5/std
S,0x3b6,/upload/1020ba44874c/can/0x3b6/std
S,0x3b7,/upload/1020ba44874c/can/0x3b7/std
S,0x3b8,/upload/1020ba44874c/can/0x3b8/std
S,0x3b9,/upload/1020ba44874c/can/0x3b9/std
S,0x3c0,/upload/1020ba44874c/can/0x3c0/std
S,0x3c1,/upload/1020ba44874c/can/0x3c1/std
S,0x3c2,/upload/1020ba44874c/can/0x3c2/std
S,0x3c3,/upload/1020ba44874c/can/0x3c3/std
S,0x3c4,/upload/1020ba44874c/can/0x3c4/std
S,0x3c5,/upload/1020ba44874c/can/0x3c5/std
S,0x3c6,/upload/1020ba44874c/can/0x3c6/std
S,0x3c7,/upload/1020ba44874c/can/0x3c7/std
S,0x3c8,/upload/1020ba44874c/can/0x3c8/std
S,0x3c9,/upload/1020ba44874c/can/0x3c9/std
S,0x3ca,/upload/1020ba44874c/can/0x3ca/std
S,0x3cb,/upload/1020ba44874c/can/0x3cb/std
S,0x3cc,/upload/1020ba44874c/can/0x3cc/std
S,0x3cd,/upload/1020ba44874c/can/0x3cd/std
S,0x3ce,/upload/1020ba44874c/can/0x3ce/std
S,0x3cf,/upload/1020ba44874c/can/0x3cf/std
S,0x3d0,/upload/1020ba44874c/can/0x3d0/std
S,0x3d1,/upload/1020ba44874c/can/0x3d1/std
S,0x3d2,/upload/1020ba44874c/can/0x3d2/std
S,0x3d3,/upload/1020ba44874c/can/0x3d3/std
S,0x3d4,/upload/1020ba44874c/can/0x3d4/std
S,0x3d5,/upload/1020ba44874c/can/0x3d5/std
S,0x3d6,/upload/1020ba44874c/can/0x3d6/std
S,0x3d7,/upload/1020ba44874c/can/0x3d7/std
S,0x3d8,/upload/1020ba44874c/can/0x3d8/std
S,0x3d9,/upload/1020ba44874c/can/0x3d9/std
S,0x3da,/upload/1020ba44874c/can/0x3da/std
S,0x3db,/upload/1020ba44874c/can/0x3db/std
S,0x3dc,/upload/1020ba44874c/can/0x3dc/std
S,0x3dd,/upload/1020ba44874c/can/0x3dd/std
S,0x3de,/upload/1020ba44874c/can/0x3de/std
S,0x3df,/upload/1020ba44874c/can/0x3df/std
S,0x3e0,/upload/1020ba44874c/can/0x3e0/std
S,0x3e1,/upload/1020ba44874c/can/0x3e1/std
S,0x3e2,/upload/1020ba44874c/can/0x3e2/std
S,0x3e3,/upload/1020ba44874c/can/0x3e3/std
S,0x3e4,/upload/1020ba44874c/can/0x3e4/std
S,0x3e5,/upload/1020ba44874c/can/0x3e5/std
S,0x3e6,/upload/1020ba44874c/can/0x3e6/std
S,0x3e7,/upload/1020ba44874c/can/0x3e7/std
S,0x3e8,/upload/1020ba44874c/can/0x3e8/std
S,0x3e9,/upload/1020ba44874c/can/0x3e9/std
S,0x3ea,/upload/1020ba44874c/can/0x3ea/std
S,0x3eb,/upload/1020ba44874c/can/0x3eb/std
S,0x3ec,/upload/1020ba44874c/can/0x3ec/std
S,0x3ed,/upload/1020ba44874c/can/0x3ed/std
S,0x3ee,/upload/1020ba44874c/can/0x3ee/std
S,0x3ef,/upload/1020ba44874c/can/0x3ef/std
S,0x3f0,/upload/1020ba44874c/can/0x3f0/std
S,0x3f1,/upload/1020ba44874c/can/0x3f1/std
S,0x3f2,/upload/1020ba44874c/can/0x3f2/std
S,0x3f3,/upload/1020ba44874c/can/0x3f3/std
S,0x3f4,/upload/1020ba44874c/can/0x3f4/std
S,0x3f5,/upload/1020ba44874c/can/0x3f5/std
S,0x3f6,/upload/1020ba44874c/can/0x3f6/std
S,0x3f7,/upload/1020ba44874c/can/0x3f7/std
S,0x3f8,/upload/1020ba44874c/can/0x3f8/std
S,0x3f9,/upload/1020ba44874c/can/0x3f9/std
S,0x400,/upload/1020ba44874c/can/0x400/std
S,0x401,/upload/1020ba44874c/can/0x401/std
S,0x402,/upload/1020ba44874c/can/0x402/std
S,0x403,/upload/1020ba44874c/can/0x403/std
S,0x404,/upload/1020ba44874c/can/0x404/std
S,0x405,/upload/1020ba44874c/can/0x405/std
S,0x406,/upload/1020ba44874c/can/0x406/std
S,0x407,/upload/1020ba44874c/can/0x407/std
S,0x408,/upload/1020ba44874c/can/0x408/std
S,0x409,/upload/1020ba44874c/can/0x409/std
S,0x40a,/upload/1020ba44874c/can/0x40a/std
S,0x40b,/upload/1020ba44874c/can/0x40b/std
S,0x40c,/upload/1020ba44874c/can/0x40c/std
S,0x40d,/upload/1020ba44874c/can/0x40d/std
S,0x40e,/upload/1020ba44874c/can/0x40e/std
S,0x40f,/upload/1020ba44874c/can/0x40f/std
S,0x410,/upload/1020ba44874c/can/0x410/std
S,0x411,/upload/1020ba44874c/can/0x411/std
S,0x412,/upload/1020ba44874c/can/0x412/std
S,0x413,/upload/1020ba44874c/can/0x413/std
S,0x414,/upload/1020ba44874c/can/0x414/std
S,0x415,/upload/1020ba44874c/can/0x415/std
S,0x416,/upload/1020ba44874c/can/0x416/std
S,0x417,/upload/1020ba44874c/can/0x417/std
S,0x418,/upload/1020ba44874c/can/0x418/std
S,0x419,/upload/1020ba44874c/can/0x419/std
S,0x41a,/upload/1020ba44874c/can/0x41a/std
S,0x41b,/upload/1020ba44874c/can/0x41b/std
S,0x41c,/upload/1020ba44874c/can/0x41c/std
S,0x41d,/upload/1020ba44874c/can/0x41d/std
S,0x41e,/upload/1020ba44874c/can/0x41e/std
S,0x41f,/upload/1020ba44874c/can/0x41f/std
S,0x420,/upload/1020ba44874c/can/0x420/std
S,0x421,/upload/1020ba44874c/can/0x421/std
S,0x422,/upload/1020ba44874c/can/0x422/std
S,0x423,/upload/1020ba44874c/can/0x423/std
S,0x424,/upload/1020ba44874c/can/0x424/std
S,0x425,/upload/1020ba44874c/can/0x425/std
S,0x426,/upload/1020ba44874c/can/0x426/std
S,0x427,/upload/1020ba44874c/can/0x427/std
S,0x428,/upload/1020ba44874c/can/0x428/std
S,0x429,/upload/1020ba44874c/can/0x429/std
S,0x42a,/upload/1020ba44874c/can/0x42a/std
S,0x42b,/upload/1020ba44874c/can/0x42b/std
S,0x42c,/upload/1020ba44874c/can/0x42c/std
S,0x42d,/upload/1020ba44874c/can/0x42d/std
S,0x42e,/upload/1020ba44874c/can/0x42e/std
S,0x42f,/upload/1020ba44874c/can/0x42f/std
S,0x430,/upload/1020ba44874c/can/0x430/std
S,0x431,/upload/1020ba44874c/can/0x431/std
S,0x432,/upload/1020ba44874c/can/0x432/std
S,0x433,/upload/1020ba44874c/can/0x433/std
S,0x434,/upload/1020ba44874c/can/0x434/std
S,0x435,/upload/1020ba44874c/can/0x435/std
S,0x436,/upload/1020ba44874c/can/0x436/std
S,0x437,/upload/1020ba44874c/can/0x437/std
S,0x438,/upload/1020ba44874c/can/0x438/std
S,0x439,/upload/1020ba44874c/can/0x439/std
S,0x440,/upload/1020ba44874c/can/0x440/std
S,0x441,/upload/1020ba44874c/can/0x441/std
S,0x442,/upload/1020ba44874c/can/0x442/std
S,0x443,/upload/1020ba44874c/can/0x443/std
S,0x444,/upload/1020ba44874c/can/0x444/std
S,0x445,/upload/1020ba44874c/can/0x445/std
S,0x446,/upload/1020ba44874c/can/0x446/std
S,0x447,/upload/1020ba44874c/can/0x447/std
S,0x448,/upload/1020ba44874c/can/0x448/std
S,0x449,/upload/1020ba44874c/can/0x449/std
S,0x44a,/upload/1020ba44874c/can/0x44a/std
S,0x44b,/upload/1020ba44874c/can/0x44b/std
S,0x44c,/upload/1020ba44874c/can/0x44c/std
S,0x44d,/upload/1020ba44874c/can/0x44d/std
S,0x44e,/upload/1020ba44874c/can/0x44e/std
S,0x44f,/upload/1020ba44874c/can/0x44f/std
S,0x450,/upload/1020ba44874c/can/0x450/std
S,0x451,/upload/1020ba44874c/can/0x451/std
S,0x452,/upload/1020ba44874c/can/0x452/std
S,0x453,/upload/1020ba44874c/can/0x453/std
S,0x454,/upload/1020ba44874c/can/0x454/std
S,0x455,/upload/1020ba44874c/can/0x455/std
S,0x456,/upload/1020ba44874c/can/0x456/std
S,0x457,/upload/1020ba44874c/can/0x457/std
S,0x458,/upload/1020ba44874c/can/0x458/std
S,0x459,/upload/1020ba44874c/can/0x459/std
S,0x45a,/upload/1020ba44874c/can/0x45a/std
S,0x45b,/upload/1020ba44874c/can/0x45b/std
S,0x45c,/upload/1020ba44874c/can/0x45c/std
S,0x45d,/upload/1020ba44874c/can/0x45d/std
S,0x45e,/upload/1020ba44874c/can/0x45e/std
S,0x45f,/upload/1020ba44874c/can/0x45f/std
S,0x460,/upload/1020ba44874c/can/0x460/std
S,0x461,/upload/1020ba44874c/can/0x461/std
S,0x462,/upload/1020ba44874c/can/0x462/std
S,0x463,/upload/1020ba44874c/can/0x463/std
S,0x464,/upload/1020ba44874c/can/0x464/std
S,0x465,/upload/1020ba44874c/can/0x465/std
S,0x466,/upload/1020ba44874c/can/0x466/std
S,0x467,/upload/1020ba44874c/can/0x467/std
S,0x468,/upload/1020ba44874c/can/0x468/std
S,0x469,/upload/1020ba44874c/can/0x469/std
S,0x46a,/upload/1020ba44874c/can/0x46a/std
S,0x46b,/upload/1020ba44874c/can/0x46b/std
S,0x46c,/upload/1020ba44874c/can/0x46c/std
S,0x46d,/upload/1020ba44874c/can/0x46d/std
S,0x46e,/upload/1020ba44874c/can/0x46e/std
S,0x46f,/upload/1020ba44874c/can/0x46f/std
S,0x470,/upload/1020ba44874c/can/0x470/std
S,0x471,/upload/1020ba44874c/can/0x471/std
S,0x472,/upload/1020ba44874c/can/0x472/std
S,0x473,/upload/1020ba44874c/can/0x473/std
S,0x474,/upload/1020ba44874c/can/0x474/std
S,0x475,/upload/1020ba44874c/can/0x475/std
S,0x476,/upload/1020ba44874c/can/0x476/std
S,0x477,/upload/1020ba44874c/can/0x477/std
S,0x478,/upload/1020ba44874c/can/0x478/std
S,0x479,/upload/1020ba44874c/can/0x479/std
S,0x480,/upload/1020ba44874c/can/0x480/std
S,0x481,/upload/1020ba44874c/can/0x481/std
S,0x482,/upload/1020ba44874c/can/0x482/std
S,0x483,/upload/1020ba44874c/can/0x483/std
S,0x484,/upload/1020ba44874c/can/0x484/std
S,0x485,/upload/1020ba44874c/can/0x485/std
S,0x486,/upload/1020ba44874c/can/0x486/std
S,0x487,/upload/1020ba44874c/can/0x487/std
S,0x488,/upload/1020ba44874c/can/0x488/std
S,0x489,/upload/1020ba44874c/can/0x489/std
S,0x48a,/upload/1020ba44874c/can/0x48a/std
S,0x48b,/upload/1020ba44874c/can/0x48b/std
S,0x48c,/upload/1020ba44874c/can/0x48c/std
S,0x48d,/upload/1020ba44874c/can/0x48d/std
S,0x48e,/upload/1020ba44874c/can/0x48e/std
S,0x48f,/upload/1020ba44874c/can/0x48f/std
S,0x490,/upload/1020ba44874c/can/0x490/std
S,0x491,/upload/1020ba44874c/can/0x491/std
S,0x492,/upload/1020ba44874c/can/0x492/std
S,0x493,/upload/1020ba44874c/can/0x493/std
S,0x494,/upload/1020ba44874c/can/0x494/std
S,0x495,/upload/1020ba44874c/can/0x495/std
S,0x496,/upload/1020ba44874c/can/0x496/std
S,0x497,/upload/1020ba44874c/can/0x497/std
S,0x498,/upload/1020ba44874c/can/0x498/std
S,0x499,/upload/1020ba44874c/can/0x499/std
S,0x49a,/upload/1020ba44874c/can/0x49a/std
S,0x49b,/upload/1020ba44874c/can/0x49b/std
S,0x49c,/upload/1020ba44874c/can/0x49c/std
S,0x49d,/upload/1020ba44874c/can/0x49d/std
S,0x49e,/upload/1020ba44874c/can/0x49e/std
S,0x49f,/upload/1020ba44874c/can/0x49f/std
S,0x4a0,/upload/1020ba44874c/can/0x4a0/std
S,0x4a1,/upload/1020ba44874c/can/0x4a1/std
S,0x4a2,/upload/1020ba44874c/can/0x4a2/std
S,0x4a3,/upload/1020ba44874c/can/0x4a3/std
S,0x4a4,/upload/1020ba44874c/can/0x4a4/std
S,0x4a5,/upload/1020ba44874c/can/0x4a5/std
S,0x4a6,/upload/1020ba44874c/can/0x4a6/std
S,0x4a7,/upload/1020ba44874c/can/0x4a7/std
S,0x4a8,/upload/1020ba44874c/can/0x4a8/std
S,0x4a9,/upload/1020ba44874c/can/0x4a9/std
S,0x4aa,/upload/1020ba44874c/can/0x4aa/std
S,0x4ab,/upload/1020ba44874c/can/0x4ab/std
S,0x4ac,/upload/1020ba44874c/can/0x4ac/std
S,0x4ad,/upload/1020ba44874c/can/0x4ad/std
S,0x4ae,/upload/1020ba44874c/can/0x4ae/std
S,0x4af,/upload/1020ba44874c/can/0x4af/std
S,0x4b0,/upload/1020ba44874c/can/0x4b0/std
S,0x4b1,/upload/1020ba44874c/can/0x4b1/std
S,0x4b2,/upload/1020ba44874c/can/0x4b2/std
S,0x4b3,/upload/1020ba44874c/can/0x4b3/std
S,0x4b4,/upload/1020ba44874c/can/0x4b4/std
S,0x4b5,/upload/1020ba44874c/can/0x4b5/std
S,0x4b6,/upload/1020ba44874c/can/0x4b6/std
S,0x4b7,/upload/1020ba44874c/can/0x4b7/std
S,0x4b8,/upload/1020ba44874c/can/0x4b8/std
S,0x4b9,/upload/1020ba44874c/can/0x4b9/std
S,0x4c0,/upload/1020ba44874c/can/0x4c0/std
S,0x4c1,/upload/1020ba44874c/can/0x4c1/std
S,0x4c2,/upload/1020ba44874c/can/0x4c2/std
S,0x4c3,/upload/1020ba44874c/can/0x4c3/std
S,0x4c4,/upload/1020ba44874c/can/0x4c4/std
S,0x4c5,/upload/1020ba44874c/can/0x4c5/std
S,0x4c6,/upload/1020ba44874c/can/0x4c6/std
S,0x4c7,/upload/1020ba44874c/can/0x4c7/std
S,0x4c8,/upload/1020ba44874c/can/0x4c8/std
S,0x4c9,/upload/1020ba44874c/can/0x4c9/std
S,0x4ca,/upload/1020ba44874c/can/0x4ca/std
S,0x4cb,/upload/1020ba44874c/can/0x4cb/std
S,0x4cc,/upload/1020ba44874c/can/0x4cc/std
S,0x4cd,/upload/1020ba44874c/can/0x4cd/std
S,0x4ce,/upload/1020ba44874c/can/0x4ce/std
S,0x4cf,/upload/1020ba44874c/can/0x4cf/std
S,0x4d0,/upload/1020ba44874c/can/0x4d0/std
S,0x4d1,/upload/1020ba44874c/can/0x4d1/std
S,0x4d2,/upload/1020ba44874c/can/0x4d2/std
S,0x4d3,/upload/1020ba44874c/can/0x4d3/std
S,0x4d4,/upload/1020ba44874c/can/0x4d4/std
S,0x4d5,/upload/1020ba44874c/can/0x4d5/std
S,0x4d6,/upload/1020ba44874c/can/0x4d6/std
S,0x4d7,/upload/1020ba44874c/can/0x4d7/std
S,0x4d8,/upload/1020ba44874c/can/0x4d8/std
S,0x4d9,/upload/1020ba44874c/can/0x4d9/std
S,0x4da,/upload/1020ba44874c/can/0x4da/std
S,0x4db,/upload/1020ba44874c/can/0x4db/std
S,0x4dc,/upload/1020ba44874c/can/0x4dc/std
S,0x4dd,/upload/1020ba44874c/can/0x4dd/std
S,0x4de,/upload/1020ba44874c/can/0x4de/std
S,0x4df,/upload/1020ba44874c/can/0x4df/std
S,0x4e0,/upload/1020ba44874c/can/0x4e0/std
S,0x4e1,/upload/1020ba44874c/can/0x4e1/std
S,0x4e2,/upload/1020ba44874c/can/0x4e2/std
S,0x4e3,/upload/1020ba44874c/can/0x4e3/std
S,0x4e4,/upload/1020ba44874c/can/0x4e4/std
S,0x4e5,/upload/1020ba44874c/can/0x4e5/std
S,0x4e6,/upload/1020ba44874c/can/0x4e6/std
S,0x4e7,/upload/1020ba44874c/can/0x4e7/std
S,0x4e8,/upload/1020ba44874c/can/0x4e8/std
S,0x4e9,/upload/1020ba44874c/can/0x4e9/std
S,0x4ea,/upload/1020ba44874c/can/0x4ea/std
S,0x4eb,/upload/1020ba44874c/can/0x4eb/std
S,0x4ec,/upload/1020ba44874c/can/0x4ec/std
S,0x4ed,/upload/1020ba44874c/can/0x4ed/std
S,0x4ee,/upload/1020ba44874c/can/0x4ee/std
S,0x4ef,/upload/1020ba44874c/can/0x4ef/std
S,0x4f0,/upload/1020ba44874c/can/0x4f0/std
S,0x4f1,/upload/1020ba44874c/can/0x4f1/std
S,0x4f2,/upload/1020ba44874c/can/0x4f2/std
S,0x4f3,/upload/1020ba44874c/can/0x4f3/std
S,0x4f4,/upload/1020ba44874c/can/0x4f4/std
S,0x4f5,/upload/1020ba44874c/can/0x4f5/std
S,0x4f6,/upload/1020ba44874c/can/0x4f6/std
S,0x4f7,/upload/1020ba44874c/can/0x4f7/std
S,0x4f8,/upload/1020ba44874c/can/0x4f8/std
S,0x4f9,/upload/1020ba44874c/can/0x4f9/std
S,0x500,/upload/1020ba44874c/can/0x500/std
S,0x501,/upload/1020ba44874c/can/0x501/std
S,0x502,/upload/1020ba44874c/can/0x502/std
S,0x503,/upload/1020ba44874c/can/0x503/std
S,0x504,/upload/1020ba44874c/can/0x504/std
S,0x505,/upload/1020ba44874c/can/0x505/std
S,0x506,/upload/1020ba44874c/can/0x506/std
S,0x507,/upload/1020ba44874c/can/0x507/std
S,0x508,/upload/1020ba44874c/can/0x508/std
S,0x509,/upload/1020ba44874c/can/0x509/std
S,0x50a,/upload/1020ba44874c/can/0x50a/std
S,0x50b,/upload/1020ba44874c/can/0x50b/std
S,0x50c,/upload/1020ba44874c/can/0x50c/std
S,0x50d,/upload/1020ba44874c/can/0x50d/std
S,0x50e,/upload/1020ba44874c/can/0x50e/std
S,0x50f,/upload/1020ba44874c/can/0x50f/std
S,0x510,/upload/1020ba44874c/can/0x510/std
S,0x511,/upload/1020ba44874c/can/0x511/std
S,0x512,/upload/1020ba44874c/can/0x512/std
S,0x513,/upload/1020ba44874c/can/0x513/std
S,0x514,/upload/1020ba44874c/can/0x514/std
S,0x515,/upload/1020ba44874c/can/0x515/std
S,0x516,/upload/1020ba44874c/can/0x516/std
S,0x517,/upload/1020ba44874c/can/0x517/std
S,0x518,/upload/1020ba44874c/can/0x518/std
S,0x519,/upload/1020ba44874c/can/0x519/std
S,0x51a,/upload/1020ba44874c/can/0x51a/std
S,0x51b,/upload/1020ba44874c/can/0x51b/std
S,0x51c,/upload/1020ba44874c/can/0x51c/std
S,0x51d,/upload/1020ba44874c/can/0x51d/std
S,0x51e,/upload/1020ba44874c/can/0x51e/std
S,0x51f,/upload/1020ba44874c/can/0x51f/std
S,0x520,/upload/1020ba44874c/can/0x520/std
S,0x521,/upload/1020ba44874c/can/0x521/std
S,0x522,/upload/1020ba44874c/can/0x522/std
S,0x523,/upload/1020ba44874c/can/0x523/std
S,0x524,/upload/1020ba44874c/can/0x524/std
S,0x525,/upload/1020ba44874c/can/0x525/std
S,0x526,/upload/1020ba44874c/can/0x526/std
S,0x527,/upload/1020ba44874c/can/0x527/std
S,0x528,/upload/1020ba44874c/can/0x528/std
S,0x529,/upload/1020ba44874c/can/0x529/std
S,0x52a,/upload/1020ba44874c/can/0x52a/std
S,0x52b,/upload/1020ba44874c/can/0x52b/std
S,0x52c,/upload/1020ba44874c/can/0x52c/std
S,0x52d,/upload/1020ba44874c/can/0x52d/std
S,0x52e,/upload/1020ba44874c/can/0x52e/std
S,0x52f,/upload/1020ba44874c/can/0x52f/std
S,0x530,/upload/1020ba44874c/can/0x530/std
S,0x531,/upload/1020ba44874c/can/0x531/std
S,0x532,/upload/1020ba44874c/can/0x532/std
S,0x533,/upload/1020ba44874c/can/0x533/std
S,0x534,/upload/1020ba44874c/can/0x534/std
S,0x535,/upload/1020ba44874c/can/0x535/std
S,0x536,/upload/1020ba44874c/can/0x536/std
S,0x537,/upload/1020ba44874c/can/0x537/std
S,0x538,/upload/1020ba44874c/can/0x538/std
S,0x539,/upload/1020ba44874c/can/0x539/std
S,0x540,/upload/1020ba44874c/can/0x540/std
S,0x541,/upload/1020ba44874c/can/0x541/std
S,0x542,/upload/1020ba44874c/can/0x542/std
S,0x543,/upload/1020ba44874c/can/0x543/std
S,0x544,/upload/1020ba44874c/can/0x544/std
S,0x545,/upload/1020ba44874c/can/0x545/std
S,0x546,/upload/1020ba44874c/can/0x546/std
S,0x547,/upload/1020ba44874c/can/0x547/std
S,0x548,/upload/1020ba44874c/can/0x548/std
S,0x549,/upload/1020ba44874c/can/0x549/std
S,0x54a,/upload/1020ba44874c/can/0x54a/std
S,0x54b,/upload/1020ba44874c/can/0x54b/std
S,0x54c,/upload/1020ba44874c/can/0x54c/std
S,0x54d,/upload/1020ba44874c/can/0x54d/std
S,0x54e,/upload/1020ba44874c/can/0x54e/std
S,0x54f,/upload/1020ba44874c/can/0x54f/std
S,0x550,/upload/1020ba44874c/can/0x550/std
S,0x551,/upload/1020ba44874c/can/0x551/std
S,0x552,/upload/1020ba44874c/can/0x552/std
S,0x553,/upload/1020ba44874c/can/0x553/std
S,0x554,/upload/1020ba44874c/can/0x554/std
S,0x555,/upload/1020ba44874c/can/0x555/std
S,0x556,/upload/1020ba44874c/can/0x556/std
S,0x557,/upload/1020ba44874c/can/0x557/std
S,0x558,/upload/1020ba44874c/can/0x558/std
S,0x559,/upload/1020ba44874c/can/0x559/std
S,0x55a,/upload/1020ba44874c/can/0x55a/std
S,0x55b,/upload/1020ba44874c/can/0x55b/std
S,0x55c,/upload/1020ba44874c/can/0x55c/std
S,0x55d,/upload/1020ba44874c/can/0x55d/std
S,0x55e,/upload/1020ba44874c/can/0x55e/std
S,0x55f,/upload/1020ba44874c/can/0x55f/std
S,0x560,/upload/1020ba44874c/can/0x560/std
S,0x561,/upload/1020ba44874c/can/0x561/std
S,0x562,/upload/1020ba44874c/can/0x562/std
S,0x563,/upload/1020ba44874c/can/0x563/std
S,0x564,/upload/1020ba44874c/can/0x564/std
S,0x565,/upload/1020ba44874c/can/0x565/std
S,0x566,/upload/1020ba44874c/can/0x566/std
S,0x567,/upload/1020ba44874c/can/0x567/std
S,0x568,/upload/1020ba44874c/can/0x568/std
S,0x569,/upload/1020ba44874c/can/0x569/std
S,0x56a,/upload/1020ba44874c/can/0x56a/std
S,0x56b,/upload/1020ba44874c/can/0x56b/std
S,0x56c,/upload/1020ba44874c/can/0x56c/std
S,0x56d,/upload/1020ba44874c/can/0x56d/std
S,0x56e,/upload/1020ba44874c/can/0x56e/std
S,0x56f,/upload/1020ba44874c/can/0x56f/std
S,0x570,/upload/1020ba44874c/can/0x570/std
S,0x571,/upload/1020ba44874c/can/0x571/std
S,0x572,/upload/1020ba44874c/can/0x572/std
S,0x573,/upload/1020ba44874c/can/0x573/std
S,0x574,/upload/1020ba44874c/can/0x574/std
S,0x575,/upload/1020ba44874c/can/0x575/std
S,0x576,/upload/1020ba44874c/can/0x576/std
S,0x577,/upload/1020ba44874c/can/0x577/std
S,0x578,/upload/1020ba44874c/can/0x578/std
S,0x579,/upload/1020ba44874c/can/0x579/std
S,0x580,/upload/1020ba44874c/can/0x580/std
S,0x581,/upload/1020ba44874c/can/0x581/std
S,0x582,/upload/1020ba44874c/can/0x582/std
S,0x583,/upload/1020ba44874c/can/0x583/std
S,0x584,/upload/1020ba44874c/can/0x584/std
S,0x585,/upload/1020ba44874c/can/0x585/std
S,0x586,/upload/1020ba44874c/can/0x586/std
S,0x587,/upload/1020ba44874c/can/0x587/std
S,0x588,/upload/1020ba44874c/can/0x588/std
S,0x589,/upload/1020ba44874c/can/0x589/std
S,0x58a,/upload/1020ba44874c/can/0x58a/std
S,0x58b,/upload/1020ba44874c/can/0x58b/std
S,0x58c,/upload/1020ba44874c/can/0x58c/std
S,0x58d,/upload/1020ba44874c/can/0x58d/std
S,0x58e,/upload/1020ba44874c/can/0x58e/std
S,0x58f,/upload/1020ba44874c/can/0x58f/std
S,0x590,/upload/1020ba44874c/can/0x590/std
S,0x591,/upload/1020ba44874c/can/0x591/std
S,0x592,/upload/1020ba44874c/can/0x592/std
S,0x593,/upload/1020ba44874c/can/0x593/std
S,0x594,/upload/1020ba44874c/can/0x594/std
S,0x595,/upload/1020ba44874c/can/0x595/std
S,0x596,/upload/1020ba44874c/can/0x596/std
S,0x597,/upload/1020ba44874c/can/0x597/std
S,0x598,/upload/1020ba44874c/can/0x598/std
S,0x599,/upload/1020ba44874c/can/0x599/std
S,0x59a,/upload/1020ba44874c/can/0x59a/std
S,0x59b,/upload/1020ba44874c/can/0x59b/std
S,0x59c,/upload/1020ba44874c/can/0x59c/std
S,0x59d,/upload/1020ba44874c/can/0x59d/std
S,0x59e,/upload/1020ba44874c/can/0x59e/std
S,0x59f,/upload/1020ba44874c/can/0x59f/std
S,0x5a0,/upload/1020ba44874c/can/0x5a0/std
S,0x5a1,/upload/1020ba44874c/can/0x5a1/std
S,0x5a2,/upload/1020ba44874c/can/0x5a2/std
S,0x5a3,/upload/1020ba44874c/can/0x5a3/std
S,0x5a4,/upload/1020ba44874c/can/0x5a4/std
S,0x5a5,/upload/1020ba44874c/can/0x5a5/std
S,0x5a6,/upload/1020ba44874c/can/0x5a6/std
S,0x5a7,/upload/1020ba44874c/can/0x5a7/std
S,0x5a8,/upload/1020ba44874c/can/0x5a8/std
S,0x5a9,/upload/1020ba44874c/can/0x5a9/std
S,0x5aa,/upload/1020ba44874c/can/0x5aa/std
S,0x5ab,/upload/1020ba44874c/can/0x5ab/std
S,0x5ac,/upload/1020ba44874c/can/0x5ac/std
S,0x5ad,/upload/1020ba44874c/can/0x5ad/std
S,0x5ae,/upload/1020ba44874c/can/0x5ae/std
S,0x5af,/upload/1020ba44874c/can/0x5af/std
S,0x5b0,/upload/1020ba44874c/can/0x5b0/std
S,0x5b1,/upload/1020ba44874c/can/0x5b1/std
S,0x5b2,/upload/1020ba44874c/can/0x5b2/std
S,0x5b3,/upload/1020ba44874c/can/0x5b3/std
S,0x5b4,/upload/1020ba44874c/can/0x5b4/std
S,0x5b5,/upload/1020ba44874c/can/0x5b5/std
S,0x5b6,/upload/1020ba44874c/can/0x5b6/std
S,0x5b7,/upload/1020ba44874c/can/0x5b7/std
S,0x5b8,/upload/1020ba44874c/can/0x5b8/std
S,0x5b9,/upload/1020ba44874c/can/0x5b9/std
S,0x5c0,/upload/1020ba44874c/can/0x5c0/std
S,0x5c1,/upload/1020ba44874c/can/0x5c1/std
S,0x5c2,/upload/1020ba44874c/can/0x5c2/std
S,0x5c3,/upload/1020ba44874c/can/0x5c3/std
S,0x5c4,/upload/1020ba44874c/can/0x5c4/std
S,0x5c5,/upload/1020ba44874c/can/0x5c5/std
S,0x5c6,/upload/1020ba44874c/can/0x5c6/std
S,0x5c7,/upload/1020ba44874c/can/0x5c7/std
S,0x5c8,/upload/1020ba44874c/can/0x5c8/std
S,0x5c9,/upload/1020ba44874c/can/0x5c9/std
S,0x5ca,/upload/1020ba44874c/can/0x5ca/std
S,0x5cb,/upload/1020ba44874c/can/0x5cb/std
S,0x5cc,/upload/1020ba44874c/can/0x5cc/std
S,0x5cd,/upload/1020ba44874c/can/0x5cd/std
S,0x5ce,/upload/1020ba44874c/can/0x5ce/std
S,0x5cf,/upload/1020ba44874c/can/0x5cf/std
S,0x5d0,/upload/1020ba44874c/can/0x5d0/std
S,0x5d1,/upload/1020ba44874c/can/0x5d1/std
S,0x5d2,/upload/1020ba44874c/can/0x5d2/std
S,0x5d3,/upload/1020ba44874c/can/0x5d3/std
S,0x5d4,/upload/1020ba44874c/can/0x5d4/std
S,0x5d5,/upload/1020ba44874c/can/0x5d5/std
S,0x5d6,/upload/1020ba44874c/can/0x5d6/std
S,0x5d7,/upload/1020ba44874c/can/0x5d7/std
S,0x5d8,/upload/1020ba44874c/can/0x5d8/std
S,0x5d9,/upload/1020ba44874c/can/0x5d9/std
S,0x5da,/upload/1020ba44874c/can/0x5da/std
S,0x5db,/upload/1020ba44874c/can/0x5db/std
S,0x5dc,/upload/1020ba44874c/can/0x5dc/std
S,0x5dd,/upload/1020ba44874c/can/0x5dd/std
S,0x5de,/upload/1020ba44874c/can/0x5de/std
S,0x5df,/upload/1020ba44874c/can/0x5df/std
S,0x5e0,/upload/1020ba44874c/can/0x5e0/std
S,0x5e1,/upload/1020ba44874c/can/0x5e1/std
S,0x5e2,/upload/1020ba44874c/can/0x5e2/std
S,0x5e3,/upload/1020ba44874c/can/0x5e3/std
S,0x5e4,/upload/1020ba44874c/can/0x5e4/std
S,0x5e5,/upload/1020ba44874c/can/0x5e5/std
S,0x5e6,/upload/1020ba44874c/can/0x5e6/std
S,0x5e7,/upload/1020ba44874c/can/0x5e7/std
S,0x5e8,/upload/1020ba44874c/can/0x5e8/std
S,0x5e9,/upload/1020ba44874c/can/0x5e9/std
S,0x5ea,/upload/1020ba44874c/can/0x5ea/std
S,0x5eb,/upload/1020ba44874c/can/0x5eb/std
S,0x5ec,/upload/1020ba44874c/can/0x5ec/std
S,0x5ed,/upload/1020ba44874c/can/0x5ed/std
S,0x5ee,/upload/1020ba44874c/can/0x5ee/std
S,0x5ef,/upload/1020ba44874c/can/0x5ef/std
S,0x5f0,/upload/1020ba44874c/can/0x5f0/std
S,0x5f1,/upload/1020ba44874c/can/0x5f1/std
S,0x5f2,/upload/1020ba44874c/can/0x5f2/std
S,0x5f3,/upload/1020ba44874c/can/0x5f3/std
S,0x5f4,/upload/1020ba44874c/can/0x5f4/std
S,0x5f5,/upload/1020ba44874c/can/0x5f5/std
S,0x5f6,/upload/1020ba44874c/can/0x5f6/std
S,0x5f7,/upload/1020ba44874c/can/0x5f7/std
S,0x5f8,/upload/1020ba44874c/can/0x5f8/std
S,0x5f9,/upload/1020ba44874c/can/0x5f9/std
S,0x600,/upload/1020ba44874c/can/0x600/std
S,0x601,/upload/1020ba44874c/can/0x601/std
S,0x602,/upload/1020ba44874c/can/0x602/std
S,0x603,/upload/1020ba44874c/can/0x603/std
S,0x604,/upload/1020ba44874c/can/0x604/std
S,0x605,/upload/1020ba44874c/can/0x605/std
S,0x606,/upload/1020ba44874c/can/0x606/std
S,0x607,/upload/1020ba44874c/can/0x607/std
S,0x608,/upload/1020ba44874c/can/0x608/std
S,0x609,/upload/1020ba44874c/can/0x609/std
S,0x60a,/upload/1020ba44874c/can/0x60a/std
S,0x60b,/upload/1020ba44874c/can/0x60b/std
S,0x60c,/upload/1020ba44874c/can/0x60c/std
S,0x60d,/upload/1020ba44874c/can/0x60d/std
S,0x60e,/upload/1020ba44874c/can/0x60e/std
S,0x60f,/upload/1020ba44874c/can/0x60f/std
S,0x610,/upload/1020ba44874c/can/0x610/std
S,0x611,/upload/1020ba44874c/can/0x611/std
S,0x612,/upload/1020ba44874c/can/0x612/std
S,0x613,/upload/1020ba44874c/can/0x613/std
S,0x614,/upload/1020ba44874c/can/0x614/std
S,0x615,/upload/1020ba44874c/can/0x615/std
S,0x616,/upload/1020ba44874c/can/0x616/std
S,0x617,/upload/1020ba44874c/can/0x617/std
S,0x618,/upload/1020ba44874c/can/0x618/std
S,0x619,/upload/1020ba44874c/can/0x619/std
S,0x61a,/upload/1020ba44874c/can/0x61a/std
S,0x61b,/upload/1020ba44874c/can/0x61b/std
S,0x61c,/upload/1020ba44874c/can/0x61c/std
S,0x61d,/upload/1020ba44874c/can/0x61d/std
S,0x61e,/upload/1020ba44874c/can/0x61e/std
S,0x61f,/upload/1020ba44874c/can/0x61f/std
S,0x620,/upload/1020ba44874c/can/0x620/std
S,0x621,/upload/1020ba44874c/can/0x621/std
S,0x622,/upload/1020ba44874c/can/0x622/std
S,0x623,/upload/1020ba44874c/can/0x623/std
S,0x624,/upload/1020ba44874c/can/0x624/std
S,0x625,/upload/1020ba44874c/can/0x625/std
S,0x626,/upload/1020ba44874c/can/0x626/std
S,0x627,/upload/1020ba44874c/can/0x627/std
S,0x628,/upload/1020ba44874c/can/0x628/std
S,0x629,/upload/1020ba44874c/can/0x629/std
S,0x62a,/upload/1020ba44874c/can/0x62a/std
S,0x62b,/upload/1020ba44874c/can/0x62b/std
S,0x62c,/upload/1020ba44874c/can/0x62c/std
S,0x62d,/upload/1020ba44874c/can/0x62d/std
S,0x62e,/upload/1020ba44874c/can/0x62e/std
S,0x62f,/upload/1020ba44874c/can/0x62f/std
S,0x630,/upload/1020ba44874c/can/0x630/std
S,0x631,/upload/1020ba44874c/can/0x631/std
S,0x632,/upload/1020ba44874c/can/0x632/std
S,0x633,/upload/1020ba44874c/can/0x633/std
S,0x634,/upload/1020ba44874c/can/0x634/std
S,0x635,/upload/1020ba44874c/can/0x635/std
S,0x636,/upload/1020ba44874c/can/0x636/std
S,0x637,/upload/1020ba44874c/can/0x637/std
S,0x638,/upload/1020ba44874c/can/0x638/std
S,0x639,/upload/1020ba44874c/can/0x639/std
S,0x640,/upload/1020ba44874c/can/0x640/std
S,0x641,/upload/1020ba44874c/can/0x641/std
S,0x642,/upload/1020ba44874c/can/0x642/std
S,0x643,/upload/1020ba44874c/can/0x643/std
S,0x644,/upload/1020ba44874c/can/0x644/std
S,0x645,/upload/1020ba44874c/can/0x645/std
S,0x646,/upload/1020ba44874c/can/0x646/std
S,0x647,/upload/1020ba44874c/can/0x647/std
S,0x648,/upload/1020ba44874c/can/0x648/std
S,0x649,/upload/1020ba44874c/can/0x649/std
S,0x64a,/upload/1020ba44874c/can/0x64a/std
S,0x64b,/upload/1020ba44874c/can/0x64b/std
S,0x64c,/upload/1020ba44874c/can/0x64c/std
S,0x64d,/upload/1020ba44874c/can/0x64d/std
S,0x64e,/upload/1020ba44874c/can/0x64e/std
S,0x64f,/upload/1020ba44874c/can/0x64f/std
S,0x650,/upload/1020ba44874c/can/0x650/std
S,0x651,/upload/1020ba44874c/can/0x651/std
S,0x652,/upload/1020ba44874c/can/0x652/std
S,0x653,/upload/1020ba44874c/can/0x653/std
S,0x654,/upload/1020ba44874c/can/0x654/std
S,0x655,/upload/1020ba44874c/can/0x655/std
S,0x656,/upload/1020ba44874c/can/0x656/std
S,0x657,/upload/1020ba44874c/can/0x657/std
S,0x658,/upload/1020ba44874c/can/0x658/std
S,0x659,/upload/1020ba44874c/can/0x659/std
S,0x65a,/upload/1020ba44874c/can/0x65a/std
S,0x65b,/upload/1020ba44874c/can/0x65b/std
S,0x65c,/upload/1020ba44874c/can/0x65c/std
S,0x65d,/upload/1020ba44874c/can/0x65d/std
S,0x65e,/upload/1020ba44874c/can/0x65e/std
S,0x65f,/upload/1020ba44874c/can/0x65f/std
S,0x660,/upload/1020ba44874c/can/0x660/std
S,0x661,/upload/1020ba44874c/can/0x661/std
S,0x662,/upload/1020ba44874c/can/0x662/std
S,0x663,/upload/1020ba44874c/can/0x663/std
S,0x664,/upload/1020ba44874c/can/0x664/std
S,0x665,/upload/1020ba44874c/can/0x665/std
S,0x666,/upload/1020ba44874c/can/0x666/std
S,0x667,/upload/1020ba44874c/can/0x667/std
S,0x668,/upload/1020ba44874c/can/0x668/std
S,0x669,/upload/1020ba44874c/can/0x669/std
S,0x66a,/upload/1020ba44874c/can/0x66a/std
S,0x66b,/upload/1020ba44874c/can/0x66b/std
S,0x66c,/upload/1020ba44874c/can/0x66c/std
S,0x66d,/upload/1020ba44874c/can/0x66d/std
S,0x66e,/upload/1020ba44874c/can/0x66e/std
S,0x66f,/upload/1020ba44874c/can/0x66f/std
S,0x670,/upload/1020ba44874c/can/0x670/std
S,0x671,/upload/1020ba44874c/can/0x671/std
S,0x672,/upload/1020ba44874c/can/0x672/std
S,0x673,/upload/1020ba44874c/can/0x673/std
S,0x674,/upload/1020ba44874c/can/0x674/std
S,0x675,/upload/1020ba44874c/can/0x675/std
S,0x676,/upload/1020ba44874c/can/0x676/std
S,0x677,/upload/1020ba44874c/can/0x677/std
S,0x678,/upload/1020ba44874c/can/0x678/std
S,0x679,/upload/1020ba44874c/can/0x679/std
S,0x680,/upload/1020ba44874c/can/0x680/std
S,0x681,/upload/1020ba44874c/can/0x681/std
S,0x682,/upload/1020ba44874c/can/0x682/std
S,0x683,/upload/1020ba44874c/can/0x683/std
S,0x684,/upload/1020ba44874c/can/0x684/std
S,0x685,/upload/1020ba44874c/can/0x685/std
S,0x686,/upload/1020ba44874c/can/0x686/std
S,0x687,/upload/1020ba44874c/can/0x687/std
S,0x688,/upload/1020ba44874c/can/0x688/std
S,0x689,/upload/1020ba44874c/can/0x689/std
S,0x68a,/upload/1020ba44874c/can/0x68a/std
S,0x68b,/upload/1020ba44874c/can/0x68b/std
S,0x68c,/upload/1020ba44874c/can/0x68c/std
S,0x68d,/upload/1020ba44874c/can/0x68d/std
S,0x68e,/upload/1020ba44874c/can/0x68e/std
S,0x68f,/upload/1020ba44874c/can/0x68f/std
S,0x690,/upload/1020ba44874c/can/0x690/std
S,0x691,/upload/1020ba44874c/can/0x691/std
S,0x692,/upload/1020ba44874c/can/0x692/std
S,0x693,/upload/1020ba44874c/can/0x693/std
S,0x694,/upload/1020ba44874c/can/0x694/std
S,0x695,/upload/1020ba44874c/can/0x695/std
S,0x696,/upload/1020ba44874c/can/0x696/std
S,0x697,/upload/1020ba44874c/can/0x697/std
S,0x698,/upload/1020ba44874c/can/0x698/std
S,0x699,/upload/1020ba44874c/can/0x699/std
S,0x69a,/upload/1020ba44874c/can/0x69a/std
S,0x69b,/upload/1020ba44874c/can/0x69b/std
S,0x69c,/upload/1020ba44874c/can/0x69c/std
S,0x69d,/upload/1020ba44874c/can/0x69d/std
S,0x69e,/upload/1020ba44874c/can/0x69e/std
S,0x69f,/upload/1020ba44874c/can/0x69f/std
S,0x6a0,/upload/1020ba44874c/can/0x6a0/std
S,0x6a1,/upload/1020ba44874c/can/0x6a1/std
S,0x6a2,/upload/1020ba44874c/can/0x6a2/std
S,0x6a3,/upload/1020ba44874c/can/0x6a3/std
S,0x6a4,/upload/1020ba44874c/can/0x6a4/std
S,0x6a5,/upload/1020ba44874c/can/0x6a5/std
S,0x6a6,/upload/1020ba44874c/can/0x6a6/std
S,0x6a7,/upload/1020ba44874c/can/0x6a7/std
S,0x6a8,/upload/1020ba44874c/can/0x6a8/std
S,0x6a9,/upload/1020ba44874c/can/0x6a9/std
S,0x6aa,/upload/1020ba44874c/can/0x6aa/std
S,0x6ab,/upload/1020ba44874c/can/0x6ab/std
S,0x6ac,/upload/1020ba44874c/can/0x6ac/std
S,0x6ad,/upload/1020ba44874c/can/0x6ad/std
S,0x6ae,/upload/1020ba44874c/can/0x6ae/std
S,0x6af,/upload/1020ba44874c/can/0x6af/std
S,0x6b0,/upload/1020ba44874c/can/0x6b0/std
S,0x6b1,/upload/1020ba44874c/can/0x6b1/std
S,0x6b2,/upload/1020ba44874c/can/0x6b2/std
S,0x6b3,/upload/1020ba44874c/can/0x6b3/std
S,0x6b4,/upload/1020ba44874c/can/0x6b4/std
S,0x6b5,/upload/1020ba44874c/can/0x6b5/std
S,0x6b6,/upload/1020ba44874c/can/0x6b6/std
S,0x6b7,/upload/1020ba44874c/can/0x6b7/std
S,0x6b8,/upload/1020ba44874c/can/0x6b8/std
S,0x6b9,/upload/1020ba44874c/can/0x6b9/std
S,0x6c0,/upload/1020ba44874c/can/0x6c0/std
S,0x6c1,/upload/1020ba44874c/can/0x6c1/std
S,0x6c2,/upload/1020ba44874c/can/0x6c2/std
S,0x6c3,/upload/1020ba44874c/can/0x6c3/std
S,0x6c4,/upload/1020ba44874c/can/0x6c4/std
S,0x6c5,/upload/1020ba44874c/can/0x6c5/std
S,0x6c6,/upload/1020ba44874c/can/0x6c6/std
S,0x6c7,/upload/1020ba44874c/can/0x6c7/std
S,0x6c8,/upload/1020ba44874c/can/0x6c8/std
S,0x6c9,/upload/1020ba44874c/can/0x6c9/std
S,0x6ca,/upload/1020ba44874c/can/0x6ca/std
S,0x6cb,/upload/1020ba44874c/can/0x6cb/std
S,0x6cc,/upload/1020ba44874c/can/0x6cc/std
S,0x6cd,/upload/1020ba44874c/can/0x6cd/std
S,0x6ce,/upload/1020ba44874c/can/0x6ce/std
S,0x6cf,/upload/1020ba44874c/can/0x6cf/std
S,0x6d0,/upload/1020ba44874c/can/0x6d0/std
S,0x6d1,/upload/1020ba44874c/can/0x6d1/std
S,0x6d2,/upload/1020ba44874c/can/0x6d2/std
S,0x6d3,/upload/1020ba44874c/can/0x6d3/std
S,0x6d4,/upload/1020ba44874c/can/0x6d4/std
S,0x6d5,/upload/1020ba44874c/can/0x6d5/std
S,0x6d6,/upload/1020ba44874c/can/0x6d6/std
S,0x6d7,/upload/1020ba44874c/can/0x6d7/std
S,0x6d8,/upload/1020ba44874c/can/0x6d8/std
S,0x6d9,/upload/1020ba44874c/can/0x6d9/std
S,0x6da,/upload/1020ba44874c/can/0x6da/std
S,0x6db,/upload/1020ba44874c/can/0x6db/std
S,0x6dc,/upload/1020ba44874c/can/0x6dc/std
S,0x6dd,/upload/1020ba44874c/can/0x6dd/std
S,0x6de,/upload/1020ba44874c/can/0x6de/std
S,0x6df,/upload/1020ba44874c/can/0x6df/std
S,0x6e0,/upload/1020ba44874c/can/0x6e0/std
S,0x6e1,/upload/1020ba44874c/can/0x6e1/std
S,0x6e2,/upload/1020ba44874c/can/0x6e2/std
S,0x6e3,/upload/1020ba44874c/can/0x6e3/std
S,0x6e4,/upload/1020ba44874c/can/0x6e4/std
S,0x6e5,/upload/1020ba44874c/can/0x6e5/std
S,0x6e6,/upload/1020ba44874c/can/0x6e6/std
S,0x6e7,/upload/1020ba44874c/can/0x6e7/std
S,0x6e8,/upload/1020ba44874c/can/0x6e8/std
S,0x6e9,/upload/1020ba44874c/can/0x6e9/std
S,0x6ea,/upload/1020ba44874c/can/0x6ea/std
S,0x6eb,/upload/1020ba44874c/can/0x6eb/std
S,0x6ec,/upload/1020ba44874c/can/0x6ec/std
S,0x6ed,/upload/1020ba44874c/can/0x6ed/std
S,0x6ee,/upload/1020ba44874c/can/0x6ee/std
S,0x6ef,/upload/1020ba44874c/can/0x6ef/std
S,0x6f0,/upload/1020ba44874c/can/0x6f0/std
S,0x6f1,/upload/1020ba44874c/can/0x6f1/std
S,0x6f2,/upload/1020ba44874c/can/0x6f2/std
S,0x6f3,/upload/1020ba44874c/can/0x6f3/std
S,0x6f4,/upload/1020ba44874c/can/0x6f4/std
S,0x6f5,/upload/1020ba44874c/can/0x6f5/std
S,0x6f6,/upload/1020ba44874c/can/0x6f6/std
S,0x6f7,/upload/1020ba44874c/can/0x6f7/std
S,0x6f8,/upload/1020ba44874c/can/0x6f8/std
S,0x6f9,/upload/1020ba44874c/can/0x6f9/std
S,0x700,/upload/1020ba44874c/can/0x700/std
S,0x701,/upload/1020ba44874c/can/0x701/std
S,0x702,/upload/1020ba44874c/can/0x702/std
S,0x703,/upload/1020ba44874c/can/0x703/std
S,0x704,/upload/1020ba44874c/can/0x704/std
S,0x705,/upload/1020ba44874c/can/0x705/std
S,0x706,/upload/1020ba44874c/can/0x706/std
S,0x707,/upload/1020ba44874c/can/0x707/std
S,0x708,/upload/1020ba44874c/can/0x708/std
S,0x709,/upload/1020ba44874c/can/0x709/std
S,0x70a,/upload/1020ba44874c/can/0x70a/std
S,0x70b,/upload/1020ba44874c/can/0x70b/std
S,0x70c,/upload/1020ba44874c/can/0x70c/std
S,0x70d,/upload/1020ba44874c/can/0x70d/std
S,0x70e,/upload/1020ba44874c/can/0x70e/std
S,0x70f,/upload/1020ba44874c/can/0x70f/std
S,0x710,/upload/1020ba44874c/can/0x710/std
S,0x711,/upload/1020ba44874c/can/0x711/std
S,0x712,/upload/1020ba44874c/can/0x712/std
S,0x713,/upload/1020ba44874c/can/0x713/std
S,0x714,/upload/1020ba44874c/can/0x714/std
S,0x715,/upload/1020ba44874c/can/0x715/std
S,0x716,/upload/1020ba44874c/can/0x716/std
S,0x717,/upload/1020ba44874c/can/0x717/std
S,0x718,/upload/1020ba44874c/can/0x718/std
S,0x719,/upload/1020ba44874c/can/0x719/std
S,0x71a,/upload/1020ba44874c/can/0x71a/std
S,0x71b,/upload/1020ba44874c/can/0x71b/std
S,0x71c,/upload/1020ba44874c/can/0x71c/std
S,0x71d,/upload/1020ba44874c/can/0x71d/std
S,0x71e,/upload/1020ba44874c/can/0x71e/std
S,0x71f,/upload/1020ba44874c/can/0x71f/std
S,0x720,/upload/1020ba44874c/can/0x720/std
S,0x721,/upload/1020ba44874c/can/0x721/std
S,0x722,/upload/1020ba44874c/can/0x722/std
S,0x723,/upload/1020ba44874c/can/0x723/std
S,0x724,/upload/1020ba44874c/can/0x724/std
S,0x725,/upload/1020ba44874c/can/0x725/std
S,0x726,/upload/1020ba44874c/can/0x726/std
S,0x727,/upload/1020ba44874c/can/0x727/std
S,0x728,/upload/1020ba44874c/can/0x728/std
S,0x729,/upload/1020ba44874c/can/0x729/std
S,0x72a,/upload/1020ba44874c/can/0x72a/std
S,0x72b,/upload/1020ba44874c/can/0x72b/std
S,0x72c,/upload/1020ba44874c/can/0x72c/std
S,0x72d,/upload/1020ba44874c/can/0x72d/std
S,0x72e,/upload/1020ba44874c/can/0x72e/std
S,0x72f,/upload/1020ba44874c/can/0x72f/std
S,0x730,/upload/1020ba44874c/can/0x730/std
S,0x731,/upload/1020ba44874c/can/0x731/std
S,0x732,/upload/1020ba44874c/can/0x732/std
S,0x733,/upload/1020ba44874c/can/0x733/std
S,0x734,/upload/1020ba44874c/can/0x734/std
S,0x735,/upload/1020ba44874c/can/0x735/std
S,0x736,/upload/1020ba44874c/can/0x736/std
S,0x737,/upload/1020ba44874c/can/0x737/std
S,0x738,/upload/1020ba44874c/can/0x738/std
S,0x739,/upload/1020ba44874c/can/0x739/std
S,0x740,/upload/1020ba44874c/can/0x740/std
S,0x741,/upload/1020ba44874c/can/0x741/std
S,0x742,/upload/1020ba44874c/can/0x742/std
S,0x743,/upload/1020ba44874c/can/0x743/std
S,0x744,/upload/1020ba44874c/can/0x744/std
S,0x745,/upload/1020ba44874c/can/0x745/std
S,0x746,/upload/1020ba44874c/can/0x746/std
S,0x747,/upload/1020ba44874c/can/0x747/std
S,0x748,/upload/1020ba44874c/can/0x748/std
S,0x749,/upload/1020ba44874c/can/0x749/std
S,0x74a,/upload/1020ba44874c/can/0x74a/std
S,0x74b,/upload/1020ba44874c/can/0x74b/std
S,0x74c,/upload/1020ba44874c/can/0x74c/std
S,0x74d,/upload/1020ba44874c/can/0x74d/std
S,0x74e,/upload/1020ba44874c/can/0x74e/std
S,0x74f,/upload/1020ba44874c/can/0x74f/std
S,0x750,/upload/1020ba44874c/can/0x750/std
S,0x751,/upload/1020ba44874c/can/0x751/std
S,0x752,/upload/1020ba44874c/can/0x752/std
S,0x753,/upload/1020ba44874c/can/0x753/std
S,0x754,/upload/1020ba44874c/can/0x754/std
S,0x755,/upload/1020ba44874c/can/0x755/std
S,0x756,/upload/1020ba44874c/can/0x756/std
S,0x757,/upload/1020ba44874c/can/0x757/std
S,0x758,/upload/1020ba44874c/can/0x758/std
S,0x759,/upload/1020ba44874c/can/0x759/std
S,0x75a,/upload/1020ba44874c/can/0x75a/std
S,0x75b,/upload/1020ba44874c/can/0x75b/std
S,0x75c,/upload/1020ba44874c/can/0x75c/std
S,0x75d,/upload/1020ba44874c/can/0x75d/std
S,0x75e,/upload/1020ba44874c/can/0x75e/std
S,0x75f,/upload/1020ba44874c/can/0x75f/std
S,0x760,/upload/1020ba44874c/can/0x760/std
S,0x761,/upload/1020ba44874c/can/0x761/std
S,0x762,/upload/1020ba44874c/can/0x762/std
S,0x763,/upload/1020ba44874c/can/0x763/std
S,0x764,/upload/1020ba44874c/can/0x764/std
S,0x765,/upload/1020ba44874c/can/0x765/std
S,0x766,/upload/1020ba44874c/can/0x766/std
S,0x767,/upload/1020ba44874c/can/0x767/std
S,0x768,/upload/1020ba44874c/can/0x768/std
S,0x769,/upload/1020ba44874c/can/0x769/std
S,0x76a,/upload/1020ba44874c/can/0x76a/std
S,0x76b,/upload/1020ba44874c/can/0x76b/std
S,0x76c,/upload/1020ba44874c/can/0x76c/std
S,0x76d,/upload/1020ba44874c/can/0x76d/std
S,0x76e,/upload/1020ba44874c/can/0x76e/std
S,0x76f,/upload/1020ba44874c/can/0x76f/std
S,0x770,/upload/1020ba44874c/can/0x770/std
S,0x771,/upload/1020ba44874c/can/0x771/std
S,0x772,/upload/1020ba44874c/can/0x772/std
S,0x773,/upload/1020ba44874c/can/0x773/std
S,0x774,/upload/1020ba44874c/can/0x774/std
S,0x775,/upload/1020ba44874c/can/0x775/std
S,0x776,/upload/1020ba44874c/can/0x776/std
S,0x777,/upload/1020ba44874c/can/0x777/std
S,0x778,/upload/1020ba44874c/can/0x778/std
S,0x779,/upload/1020ba44874c/can/0x779/std
S,0x780,/upload/1020ba44874c/can/0x780/std
S,0x781,/upload/1020ba44874c/can/0x781/std
S,0x782,/upload/1020ba44874c/can/0x782/std
S,0x783,/upload/1020ba44874c/can/0x783/std
S,0x784,/upload/1020ba44874c/can/0x784/std
S,0x785,/upload/1020ba44874c/can/0x785/std
S,0x786,/upload/1020ba44874c/can/0x786/std
S,0x787,/upload/1020ba44874c/can/0x787/std
S,0x788,/upload/1020ba44874c/can/0x788/std
S,0x789,/upload/1020ba44874c/can/0x789/std
S,0x78a,/upload/1020ba44874c/can/0x78a/std
S,0x78b,/upload/1020ba44874c/can/0x78b/std
S,0x78c,/upload/1020ba44874c/can/0x78c/std
S,0x78d,/upload/1020ba44874c/can/0x78d/std
S,0x78e,/upload/1020ba44874c/can/0x78e/std
S,0x78f,/upload/1020ba44874c/can/0x78f/std
S,0x790,/upload/1020ba44874c/can/0x790/std
S,0x791,/upload/1020ba44874c/can/0x791/std
S,0x792,/upload/1020ba44874c/can/0x792/std
S,0x793,/upload/1020ba44874c/can/0x793/std
S,0x794,/upload/1020ba44874c/can/0x794/std
S,0x795,/upload/1020ba44874c/can/0x795/std
S,0x796,/upload/1020ba44874c/can/0x796/std
S,0x797,/upload/1020ba44874c/can/0x797/std
S,0x798,/upload/1020ba44874c/can/0x798/std
S,0x799,/upload/1020ba44874c/can/0x799/std
S,0x79a,/upload/1020ba44874c/can/0x79a/std
S,0x79b,/upload/1020ba44874c/can/0x79b/std
S,0x79c,/upload/1020ba44874c/can/0x79c/std
S,0x79d,/upload/1020ba44874c/can/0x79d/std
S,0x79e,/upload/1020ba44874c/can/0x79e/std
S,0x79f,/upload/1020ba44874c/can/0x79f/std
S,0x7a0,/upload/1020ba44874c/can/0x7a0/std
S,0x7a1,/upload/1020ba44874c/can/0x7a1/std
S,0x7a2,/upload/1020ba44874c/can/0x7a2/std
S,0x7a3,/upload/1020ba44874c/can/0x7a3/std
S,0x7a4,/upload/1020ba44874c/can/0x7a4/std
S,0x7a5,/upload/1020ba44874c/can/0x7a5/std
S,0x7a6,/upload/1020ba44874c/can/0x7a6/std
S,0x7a7,/upload/1020ba44874c/can/0x7a7/std
S,0x7a8,/upload/1020ba44874c/can/0x7a8/std
S,0x7a9,/upload/1020ba44874c/can/0x7a9/std
S,0x7aa,/upload/1020ba44874c/can/0x7aa/std
S,0x7ab,/upload/1020ba44874c/can/0x7ab/std
S,0x7ac,/upload/1020ba44874c/can/0x7ac/std
S,0x7ad,/upload/1020ba44874c/can/0x7ad/std
S,0x7ae,/upload/1020ba44874c/can/0x7ae/std
S,0x7af,/upload/1020ba44874c/can/0x7af/std
S,0x7b0,/upload/1020ba44874c/can/0x7b0/std
S,0x7b1,/upload/1020ba44874c/can/0x7b1/std
S,0x7b2,/upload/1020ba44874c/can/0x7b2/std
S,0x7b3,/upload/1020ba44874c/can/0x7b3/std
S,0x7b4,/upload/1020ba44874c/can/0x7b4/std
S,0x7b5,/upload/1020ba44874c/can/0x7b5/std
S,0x7b6,/upload/1020ba44874c/can/0x7b6/std
S,0x7b7,/upload/1020ba44874c/can/0x7b7/std
S,0x7b8,/upload/1020ba44874c/can/0x7b8/std
S,0x7b9,/upload/1020ba44874c/can/0x7b9/std
S,0x7c0,/upload/1020ba44874c/can/0x7c0/std
S,0x7c1,/upload/1020ba44874c/can/0x7c1/std
S,0x7c2,/upload/1020ba44874c/can/0x7c2/std
S,0x7c3,/upload/1020ba44874c/can/0x7c3/std
S,0x7c4,/upload/1020ba44874c/can/0x7c4/std
S,0x7c5,/upload/1020ba44874c/can/0x7c5/std
S,0x7c6,/upload/1020ba44874c/can/0x7c6/std
S,0x7c7,/upload/1020ba44874c/can/0x7c7/std
S,0x7c8,/upload/1020ba44874c/can/0x7c8/std
S,0x7c9,/upload/1020ba44874c/can/0x7c9/std
S,0x7ca,/upload/1020ba44874c/can/0x7ca/std
S,0x7cb,/upload/1020ba44874c/can/0x7cb/std
S,0x7cc,/upload/1020ba44874c/can/0x7cc/std
S,0x7cd,/upload/1020ba44874c/can/0x7cd/std
S,0x7ce,/upload/1020ba44874c/can/0x7ce/std
S,0x7cf,/upload/1020ba44874c/can/0x7cf/std
S,0x7d0,/upload/1020ba44874c/can/0x7d0/std
S,0x7d1,/upload/1020ba44874c/can/0x7d1/std
S,0x7d2,/upload/1020ba44874c/can/0x7d2/std
S,0x7d3,/upload/1020ba44874c/can/0x7d3/std
S,0x7d4,/upload/1020ba44874c/can/0x7d4/std
S,0x7d5,/upload/1020ba44874c/can/0x7d5/std
S,0x7d6,/upload/1020ba44874c/can/0x7d6/std
S,0x7d7,/upload/1020ba44874c/can/0x7d7/std
S,0x7d8,/upload/1020ba44874c/can/0x7d8/std
S,0x7d9,/upload/1020ba44874c/can/0x7d9/std
S,0x7da,/upload/1020ba44874c/can/0x7da/std
S,0x7db,/upload/1020ba44874c/can/0x7db/std
S,0x7dc,/upload/1020ba44874c/can/0x7dc/std
S,0x7dd,/upload/1020ba44874c/can/0x7dd/std
S,0x7de,/upload/1020ba44874c/can/0x7de/std
S,0x7df,/upload/1020ba44874c/can/0x7df/std
S,0x7e0,/upload/1020ba44874c/can/0x7e0/std
S,0x7e1,/upload/1020ba44874c/can/0x7e1/std
S,0x7e2,/upload/1020ba44874c/can/0x7e2/std
S,0x7e3,/upload/1020ba44874c/can/0x7e3/std
S,0x7e4,/upload/1020ba44874c/can/0x7e4/std
S,0x7e5,/upload/1020ba44874c/can/0x7e5/std
S,0x7e6,/upload/1020ba44874c/can/0x7e6/std
S,0x7e7,/upload/1020ba44874c/can/0x7e7/std
S,0x7e8,/upload/1020ba44874c/can/0x7e8/std
S,0x7e9,/upload/1020ba44874c/can/0x7e9/std
S,0x7ea,/upload/1020ba44874c/can/0x7ea/std
S,0x7eb,/upload/1020ba44874c/can/0x7eb/std
S,0x7ec,/upload/1020ba44874c/can/0x7ec/std
S,0x7ed,/upload/1020ba44874c/can/0x7ed/std
S,0x7ee,/upload/1020ba44874c/can/0x7ee/std
S,0x7ef,/upload/1020ba44874c/can/0x7ef/std
S,0x7f0,/upload/1020ba44874c/can/0x7f0/std
S,0x7f1,/upload/1020ba44874c/can/0x7f1/std
S,0x7f2,/upload/1020ba44874c/can/0x7f2/std
S,0x7f3,/upload/1020ba44874c/can/0x7f3/std
S,0x7f4,/upload/1020ba44874c/can/0x7f4/std
S,0x7f5,/upload/1020ba44874c/can/0x7f5/std
S,0x7f6,/upload/1020ba44874c/can/0x7f6/std
S,0x7f7,/upload/1020ba44874c/can/0x7f7/std
S,0x7f8,/upload/1020ba44874c/can/0x7f8/std
S,0x7f9,/upload/1020ba44874c/can/0x7f9/std
